PRAGMA foreign_keys=OFF;
BEGIN TRANSACTION;
CREATE TABLE IF NOT EXISTS `Bosses` (
`boss_id` integer PRIMARY KEY AUTOINCREMENT NOT NULL,
`boss_name` text NOT NULL,
`boss_optional` numeric,
`boss_dlc` numeric,
`boss_game` integer NOT NULL, boss_image string,
FOREIGN KEY (`boss_dlc`) REFERENCES `DLC`(`dlc_id`) ON UPDATE no action ON DELETE no action,
FOREIGN KEY (`boss_game`) REFERENCES `Games`(`game_id`) ON UPDATE no action ON DELETE no action
);
INSERT INTO Bosses VALUES(1,'Phalanx',0,NULL,1,'https://epnhpyyerjkkyxartywd.supabase.co/storage/v1/object/public/boss-images/demonsouls/phalanx.webp');
INSERT INTO Bosses VALUES(2,'Tower Knight',0,NULL,1,'https://epnhpyyerjkkyxartywd.supabase.co/storage/v1/object/public/boss-images/demonsouls/towerknight.webp?t=2023-12-13T11%3A27%3A17.199Z');
INSERT INTO Bosses VALUES(3,'Armor Spider',0,NULL,1,'https://epnhpyyerjkkyxartywd.supabase.co/storage/v1/object/public/boss-images/demonsouls/armorspider.webp');
INSERT INTO Bosses VALUES(4,'Flamelurker',0,NULL,1,'https://epnhpyyerjkkyxartywd.supabase.co/storage/v1/object/public/boss-images/demonsouls/flamelurker.webp?t=2023-12-13T11%3A26%3A03.787Z');
INSERT INTO Bosses VALUES(5,'Adjudicator',0,NULL,1,'https://epnhpyyerjkkyxartywd.supabase.co/storage/v1/object/public/boss-images/demonsouls/adjudicator.webp');
INSERT INTO Bosses VALUES(6,'Fool''s Idol',0,NULL,1,'https://epnhpyyerjkkyxartywd.supabase.co/storage/v1/object/public/boss-images/demonsouls/foolsidol.webp?t=2023-12-13T11%3A26%3A06.143Z');
INSERT INTO Bosses VALUES(7,'Dragon God',0,NULL,1,'https://epnhpyyerjkkyxartywd.supabase.co/storage/v1/object/public/boss-images/demonsouls/dragongod.webp?t=2023-12-13T11%3A26%3A02.395Z');
INSERT INTO Bosses VALUES(8,'Leechmonger',0,NULL,1,'https://epnhpyyerjkkyxartywd.supabase.co/storage/v1/object/public/boss-images/demonsouls/leechmonger.webp?t=2023-12-13T11%3A26%3A12.383Z');
INSERT INTO Bosses VALUES(9,'Old Hero',0,NULL,1,'https://epnhpyyerjkkyxartywd.supabase.co/storage/v1/object/public/boss-images/demonsouls/oldhero.webp?t=2023-12-13T11%3A26%3A34.395Z');
INSERT INTO Bosses VALUES(10,'Maneater',0,NULL,1,'https://epnhpyyerjkkyxartywd.supabase.co/storage/v1/object/public/boss-images/demonsouls/maneater.webp?t=2023-12-13T11%3A26%3A26.932Z');
INSERT INTO Bosses VALUES(11,'Penetrator',0,NULL,1,'https://epnhpyyerjkkyxartywd.supabase.co/storage/v1/object/public/boss-images/demonsouls/penetrator.webp?t=2023-12-13T11%3A26%3A52.970Z');
INSERT INTO Bosses VALUES(12,'Storm King',0,NULL,1,'https://epnhpyyerjkkyxartywd.supabase.co/storage/v1/object/public/boss-images/demonsouls/stormking.webp?t=2023-12-13T11%3A27%3A08.393Z');
INSERT INTO Bosses VALUES(13,'Old Monk',0,NULL,1,'https://epnhpyyerjkkyxartywd.supabase.co/storage/v1/object/public/boss-images/demonsouls/oldmonk.webp?t=2023-12-13T11%3A26%3A47.745Z');
INSERT INTO Bosses VALUES(14,'Dirty Colossus',0,NULL,1,'https://epnhpyyerjkkyxartywd.supabase.co/storage/v1/object/public/boss-images/demonsouls/dirtycolossus.webp?t=2023-12-13T11%3A25%3A53.152Z');
INSERT INTO Bosses VALUES(15,'Maiden Astraea',0,NULL,1,'https://epnhpyyerjkkyxartywd.supabase.co/storage/v1/object/public/boss-images/demonsouls/maidenastraea.webp?t=2023-12-13T11%3A26%3A25.253Z');
INSERT INTO Bosses VALUES(16,'Old King Allant',0,NULL,1,'https://epnhpyyerjkkyxartywd.supabase.co/storage/v1/object/public/boss-images/demonsouls/oldkingallant.webp?t=2023-12-13T11%3A26%3A33.984Z');
INSERT INTO Bosses VALUES(17,'Asylum Demon',0,NULL,2,'https://epnhpyyerjkkyxartywd.supabase.co/storage/v1/object/public/boss-images/ds1/asylumdemon.webp');
INSERT INTO Bosses VALUES(18,'Taurus Demon',0,NULL,2,'https://epnhpyyerjkkyxartywd.supabase.co/storage/v1/object/public/boss-images/ds1/taurusdemon.webp?t=2024-02-09T18%3A27%3A17.791Z');
INSERT INTO Bosses VALUES(19,'Bell Gargoyle',0,NULL,2,'https://epnhpyyerjkkyxartywd.supabase.co/storage/v1/object/public/boss-images/ds1/bellgargoyle.webp?t=2023-12-13T12%3A45%3A00.602Z');
INSERT INTO Bosses VALUES(20,'Capra Demon',0,NULL,2,'https://epnhpyyerjkkyxartywd.supabase.co/storage/v1/object/public/boss-images/ds1/blackdragonkalameet.webp?t=2023-12-13T12%3A45%3A07.512Z');
INSERT INTO Bosses VALUES(21,'Gaping Dragon',0,NULL,2,'https://epnhpyyerjkkyxartywd.supabase.co/storage/v1/object/public/boss-images/ds1/gapingdragon.webp?t=2023-12-13T12%3A45%3A52.950Z');
INSERT INTO Bosses VALUES(22,'Quelaag',0,NULL,2,'https://epnhpyyerjkkyxartywd.supabase.co/storage/v1/object/public/boss-images/ds1/quelaag.webp');
INSERT INTO Bosses VALUES(23,'Iron Golem',0,NULL,2,'https://epnhpyyerjkkyxartywd.supabase.co/storage/v1/object/public/boss-images/ds1/irongolem.webp?t=2023-12-13T12%3A46%3A10.324Z');
INSERT INTO Bosses VALUES(24,'Ornstein and Smough',0,NULL,2,'https://epnhpyyerjkkyxartywd.supabase.co/storage/v1/object/public/boss-images/ds1/ornsteinandsmough.webp?t=2023-12-13T12%3A46%3A35.877Z');
INSERT INTO Bosses VALUES(25,'Sif',0,NULL,2,'https://epnhpyyerjkkyxartywd.supabase.co/storage/v1/object/public/boss-images/ds1/sif.webp');
INSERT INTO Bosses VALUES(26,'Four Kings',0,NULL,2,'https://epnhpyyerjkkyxartywd.supabase.co/storage/v1/object/public/boss-images/ds1/fourkings.webp');
INSERT INTO Bosses VALUES(27,'Seath the Scaleless',0,NULL,2,'https://epnhpyyerjkkyxartywd.supabase.co/storage/v1/object/public/boss-images/ds1/seaththescaleless.webp?t=2024-02-09T18%3A28%3A36.414Z');
INSERT INTO Bosses VALUES(28,'Gravelord Nito',0,NULL,2,'https://epnhpyyerjkkyxartywd.supabase.co/storage/v1/object/public/boss-images/ds1/gravelordnito.webp?t=2023-12-13T12%3A46%3A00.485Z');
INSERT INTO Bosses VALUES(29,'Bed of Chaos',0,NULL,2,'https://epnhpyyerjkkyxartywd.supabase.co/storage/v1/object/public/boss-images/ds1/bedofchaos.webp?t=2023-12-13T12%3A44%3A54.468Z');
INSERT INTO Bosses VALUES(30,'Gwyn, Lord of Cinder',0,NULL,2,'https://epnhpyyerjkkyxartywd.supabase.co/storage/v1/object/public/boss-images/ds1/gwyn.webp?t=2023-12-13T12%3A46%3A05.179Z');
INSERT INTO Bosses VALUES(31,'Moonlight Butterfly',1,NULL,2,'https://epnhpyyerjkkyxartywd.supabase.co/storage/v1/object/public/boss-images/ds1/moonlightbutterfly.webp?t=2023-12-13T12%3A46%3A32.670Z');
INSERT INTO Bosses VALUES(32,'Stray Demon',1,NULL,2,'https://epnhpyyerjkkyxartywd.supabase.co/storage/v1/object/public/boss-images/ds1/straydemon.webp?t=2023-12-13T12%3A47%3A24.945Z');
INSERT INTO Bosses VALUES(33,'Dark Sun Gwyndolin',1,NULL,2,'https://epnhpyyerjkkyxartywd.supabase.co/storage/v1/object/public/boss-images/ds1/darksungwyndolin.webp?t=2023-12-13T12%3A45%3A32.927Z');
INSERT INTO Bosses VALUES(34,'Crossbreed Priscilla',1,NULL,2,'https://epnhpyyerjkkyxartywd.supabase.co/storage/v1/object/public/boss-images/ds1/crossbreedpriscilla.webp?t=2023-12-13T12%3A45%3A26.363Z');
INSERT INTO Bosses VALUES(35,'Ceaseless Discharge',1,NULL,2,'https://epnhpyyerjkkyxartywd.supabase.co/storage/v1/object/public/boss-images/ds1/ceaselessdischarge.webp?t=2023-12-13T12%3A45%3A13.787Z');
INSERT INTO Bosses VALUES(36,'Centipede Demon',1,NULL,2,'https://epnhpyyerjkkyxartywd.supabase.co/storage/v1/object/public/boss-images/ds1/centipededemon.webp?t=2023-12-13T12%3A45%3A20.818Z');
INSERT INTO Bosses VALUES(37,'Demon Firesage',1,NULL,2,'https://epnhpyyerjkkyxartywd.supabase.co/storage/v1/object/public/boss-images/ds1/demonfiresage.webp?t=2023-12-13T12%3A45%3A36.985Z');
INSERT INTO Bosses VALUES(38,'Knight Artorias',0,1,2,'https://epnhpyyerjkkyxartywd.supabase.co/storage/v1/object/public/boss-images/ds1/knightartorias.webp?t=2023-12-13T12%3A46%3A17.666Z');
INSERT INTO Bosses VALUES(39,'Sanctuary Guardian',0,1,2,'https://epnhpyyerjkkyxartywd.supabase.co/storage/v1/object/public/boss-images/ds1/sanctuaryguardian.webp?t=2023-12-13T12%3A47%3A04.379Z');
INSERT INTO Bosses VALUES(40,'Manus, Father of the Abyss',0,1,2,'https://epnhpyyerjkkyxartywd.supabase.co/storage/v1/object/public/boss-images/ds1/manusfatheroftheabyss.webp?t=2023-12-13T12%3A46%3A23.452Z');
INSERT INTO Bosses VALUES(41,'Black Dragon Kalameet',0,1,2,'https://epnhpyyerjkkyxartywd.supabase.co/storage/v1/object/public/boss-images/ds1/bellgargoyle.webp?t=2023-12-13T12%3A45%3A00.602Z');
INSERT INTO Bosses VALUES(42,'Last Giant',1,NULL,3,'https://epnhpyyerjkkyxartywd.supabase.co/storage/v1/object/public/boss-images/ds2/lastgiant.webp?t=2023-12-13T14%3A06%3A40.058Z');
INSERT INTO Bosses VALUES(43,'The Pursuer',1,NULL,3,'https://epnhpyyerjkkyxartywd.supabase.co/storage/v1/object/public/boss-images/ds2/thepursuer.webp?t=2023-12-13T14%3A10%3A15.861Z');
INSERT INTO Bosses VALUES(44,'Dragonrider',1,NULL,3,'https://epnhpyyerjkkyxartywd.supabase.co/storage/v1/object/public/boss-images/ds2/dragonrider.webp');
INSERT INTO Bosses VALUES(45,'Ruin Sentinels',1,NULL,3,'https://epnhpyyerjkkyxartywd.supabase.co/storage/v1/object/public/boss-images/ds2/ruinsentinels.webp?t=2023-12-13T14%3A09%3A12.628Z');
INSERT INTO Bosses VALUES(46,'Lost Sinner',1,NULL,3,'https://epnhpyyerjkkyxartywd.supabase.co/storage/v1/object/public/boss-images/ds2/lostsinner.webp?t=2023-12-13T14%3A06%3A59.031Z');
INSERT INTO Bosses VALUES(47,'Old Dragonslayer',1,NULL,3,'https://epnhpyyerjkkyxartywd.supabase.co/storage/v1/object/public/boss-images/ds2/olddragonslayer.webp?t=2023-12-13T14%3A07%3A42.124Z');
INSERT INTO Bosses VALUES(48,'Executioner''s Chariot',1,NULL,3,'https://epnhpyyerjkkyxartywd.supabase.co/storage/v1/object/public/boss-images/ds2/executionerschariot.webp?t=2023-12-13T14%3A06%3A07.175Z');
INSERT INTO Bosses VALUES(49,'Skeleton Lords',1,NULL,3,'https://epnhpyyerjkkyxartywd.supabase.co/storage/v1/object/public/boss-images/ds2/skeletonlords.webp?t=2023-12-13T14%3A09%3A45.293Z');
INSERT INTO Bosses VALUES(50,'Covetous Demon',1,NULL,3,'https://epnhpyyerjkkyxartywd.supabase.co/storage/v1/object/public/boss-images/ds2/covetousdemon.webp?t=2023-12-13T14%3A05%3A38.399Z');
INSERT INTO Bosses VALUES(51,'Mytha, the Baneful Queen',1,NULL,3,'https://epnhpyyerjkkyxartywd.supabase.co/storage/v1/object/public/boss-images/ds2/mytha.webp?t=2023-12-13T14%3A07%3A15.357Z');
INSERT INTO Bosses VALUES(52,'Smelter Demon',1,NULL,3,'https://epnhpyyerjkkyxartywd.supabase.co/storage/v1/object/public/boss-images/ds2/smelterdemon.webp');
INSERT INTO Bosses VALUES(53,'Old Iron King',1,NULL,3,'https://epnhpyyerjkkyxartywd.supabase.co/storage/v1/object/public/boss-images/ds2/oldironking.webp?t=2023-12-13T14%3A07%3A43.542Z');
INSERT INTO Bosses VALUES(54,'Flexile Sentry',1,NULL,3,'https://epnhpyyerjkkyxartywd.supabase.co/storage/v1/object/public/boss-images/ds2/flexilesentry.webp?t=2023-12-13T14%3A06%3A12.509Z');
INSERT INTO Bosses VALUES(55,'Belfry Gargoyles',1,NULL,3,'https://epnhpyyerjkkyxartywd.supabase.co/storage/v1/object/public/boss-images/ds2/belfrygargoyles.webp?t=2023-12-13T14%3A05%3A16.622Z');
INSERT INTO Bosses VALUES(56,'Royal Rat Vanguard',1,NULL,3,'https://epnhpyyerjkkyxartywd.supabase.co/storage/v1/object/public/boss-images/ds2/royalratvanguard.webp?t=2023-12-13T14%3A08%3A07.616Z');
INSERT INTO Bosses VALUES(57,'The Rotten',1,NULL,3,'https://epnhpyyerjkkyxartywd.supabase.co/storage/v1/object/public/boss-images/ds2/therotten.webp?t=2023-12-13T14%3A10%3A20.801Z');
INSERT INTO Bosses VALUES(58,'Scorpioness Najka',1,NULL,3,'https://epnhpyyerjkkyxartywd.supabase.co/storage/v1/object/public/boss-images/ds2/scorpionessnajka.webp?t=2023-12-13T14%3A09%3A20.003Z');
INSERT INTO Bosses VALUES(59,'Royal Rat Authority',1,NULL,3,'https://epnhpyyerjkkyxartywd.supabase.co/storage/v1/object/public/boss-images/ds2/royalratauthority.webp?t=2023-12-13T14%3A07%3A53.744Z');
INSERT INTO Bosses VALUES(61,'The Duke''s Dear Freja',1,NULL,3,'https://epnhpyyerjkkyxartywd.supabase.co/storage/v1/object/public/boss-images/ds2/thedukesdearfreja.webp?t=2023-12-13T14%3A10%3A03.503Z');
INSERT INTO Bosses VALUES(62,'Dragonrider x2',1,NULL,3,'https://epnhpyyerjkkyxartywd.supabase.co/storage/v1/object/public/boss-images/ds2/dragonrider2.webp?t=2023-12-13T14%3A05%3A57.728Z');
INSERT INTO Bosses VALUES(63,'Looking Glass Knight',0,NULL,3,'https://epnhpyyerjkkyxartywd.supabase.co/storage/v1/object/public/boss-images/ds2/lookingglassknight.webp?t=2023-12-13T14%3A06%3A45.236Z');
INSERT INTO Bosses VALUES(64,'Demon of Song',0,NULL,3,'https://epnhpyyerjkkyxartywd.supabase.co/storage/v1/object/public/boss-images/ds2/demonofsong.webp?t=2023-12-13T14%3A05%3A46.601Z');
INSERT INTO Bosses VALUES(65,'Vestaldt, the Royal Aegis',0,NULL,3,'https://epnhpyyerjkkyxartywd.supabase.co/storage/v1/object/public/boss-images/ds2/vestaldt.webp');
INSERT INTO Bosses VALUES(66,'Guardian Dragon',0,NULL,3,'https://epnhpyyerjkkyxartywd.supabase.co/storage/v1/object/public/boss-images/ds2/guardiandragon.webp?t=2023-12-13T14%3A06%3A29.552Z');
INSERT INTO Bosses VALUES(67,'Ancient Dragon',0,NULL,3,'https://epnhpyyerjkkyxartywd.supabase.co/storage/v1/object/public/boss-images/ds2/ancientdragon.webp?t=2023-12-13T14%3A05%3A10.547Z');
INSERT INTO Bosses VALUES(68,'Giant Lord',0,NULL,3,'https://epnhpyyerjkkyxartywd.supabase.co/storage/v1/object/public/boss-images/ds2/giantlord.webp?t=2023-12-13T14%3A06%3A24.431Z');
INSERT INTO Bosses VALUES(69,'Elana, the Squalid Queen',1,3,3,'https://epnhpyyerjkkyxartywd.supabase.co/storage/v1/object/public/boss-images/ds2/elana.webp?t=2023-12-13T14%3A06%3A02.102Z');
INSERT INTO Bosses VALUES(70,'Sinh, the Slumbering Dragon',1,3,3,'https://epnhpyyerjkkyxartywd.supabase.co/storage/v1/object/public/boss-images/ds2/sinh.webp?t=2023-12-13T14%3A09%3A32.910Z');
INSERT INTO Bosses VALUES(71,'The Graverobber, Varg, and Cerah',1,3,3,'https://epnhpyyerjkkyxartywd.supabase.co/storage/v1/object/public/boss-images/ds2/thegraverobbervargcerah.webp?t=2023-12-13T14%3A10%3A08.901Z');
INSERT INTO Bosses VALUES(73,'Fume Knight',1,4,3,'https://epnhpyyerjkkyxartywd.supabase.co/storage/v1/object/public/boss-images/ds2/fumeknight.webp?t=2023-12-13T14%3A06%3A17.988Z');
INSERT INTO Bosses VALUES(74,'Sir Alonne',1,4,3,'https://epnhpyyerjkkyxartywd.supabase.co/storage/v1/object/public/boss-images/ds2/siralonne.webp?t=2023-12-13T14%3A09%3A38.960Z');
INSERT INTO Bosses VALUES(75,'Smelter Demon (Blue)',1,4,3,'https://epnhpyyerjkkyxartywd.supabase.co/storage/v1/object/public/boss-images/ds2/smelterdemonblue.webp?t=2023-12-13T14%3A09%3A57.648Z');
INSERT INTO Bosses VALUES(76,'Aava, the King''s Pet',1,5,3,'https://epnhpyyerjkkyxartywd.supabase.co/storage/v1/object/public/boss-images/ds2/aava.webp?t=2023-12-13T14%3A04%3A56.302Z');
INSERT INTO Bosses VALUES(77,'Burnt Ivory King',1,5,3,'https://epnhpyyerjkkyxartywd.supabase.co/storage/v1/object/public/boss-images/ds2/burntivoryking.webp');
INSERT INTO Bosses VALUES(78,'Lud and Zallen, The King''s Pets',1,5,3,'https://epnhpyyerjkkyxartywd.supabase.co/storage/v1/object/public/boss-images/ds2/ludandzallen.webp?t=2023-12-13T14%3A07%3A06.722Z');
INSERT INTO Bosses VALUES(79,'Darklurker',1,NULL,3,'https://epnhpyyerjkkyxartywd.supabase.co/storage/v1/object/public/boss-images/ds2/darklurker.webp?t=2023-12-13T14%3A05%3A48.705Z');
INSERT INTO Bosses VALUES(80,'King Vendrick',0,NULL,3,'https://epnhpyyerjkkyxartywd.supabase.co/storage/v1/object/public/boss-images/ds2/kingvendrick.webp?t=2023-12-13T14%3A06%3A36.039Z');
INSERT INTO Bosses VALUES(81,'Throne Watcher & Throne Defender',0,NULL,3,'https://epnhpyyerjkkyxartywd.supabase.co/storage/v1/object/public/boss-images/ds2/thronewatcherthronedefender.webp?t=2023-12-13T14%3A10%3A27.305Z');
INSERT INTO Bosses VALUES(82,'Nashandra',0,NULL,3,'https://epnhpyyerjkkyxartywd.supabase.co/storage/v1/object/public/boss-images/ds2/nashandra.webp');
INSERT INTO Bosses VALUES(83,'Aldia, Scholar of the First Sin',1,NULL,3,'https://epnhpyyerjkkyxartywd.supabase.co/storage/v1/object/public/boss-images/ds2/aldia.webp?t=2023-12-13T14%3A05%3A03.152Z');
INSERT INTO Bosses VALUES(84,'Iudex Gundyr',0,NULL,4,'https://epnhpyyerjkkyxartywd.supabase.co/storage/v1/object/public/boss-images/ds3/iudexgundyr.webp?t=2023-12-13T15%3A06%3A26.736Z');
INSERT INTO Bosses VALUES(85,'Vordt of the Boreal Valley',0,NULL,4,'https://epnhpyyerjkkyxartywd.supabase.co/storage/v1/object/public/boss-images/ds3/vordtoftheborealvalley.webp?t=2023-12-13T15%3A07%3A36.845Z');
INSERT INTO Bosses VALUES(86,'Curse-rotted Greatwood',1,NULL,4,'https://epnhpyyerjkkyxartywd.supabase.co/storage/v1/object/public/boss-images/ds3/curserottedgreatwood.webp?t=2023-12-13T15%3A05%3A17.563Z');
INSERT INTO Bosses VALUES(87,'Crystal Sage',0,NULL,4,'https://epnhpyyerjkkyxartywd.supabase.co/storage/v1/object/public/boss-images/ds3/crystalsage.webp');
INSERT INTO Bosses VALUES(88,'Abyss Watchers',0,NULL,4,'https://epnhpyyerjkkyxartywd.supabase.co/storage/v1/object/public/boss-images/ds3/abysswatchers.webp?t=2023-12-13T15%3A03%3A24.780Z');
INSERT INTO Bosses VALUES(89,'Deacons of the Deep',0,NULL,4,'https://epnhpyyerjkkyxartywd.supabase.co/storage/v1/object/public/boss-images/ds3/deaconsofthedeep.webp?t=2023-12-13T15%3A06%3A09.144Z');
INSERT INTO Bosses VALUES(90,'High Lord Wolnir',0,NULL,4,'https://epnhpyyerjkkyxartywd.supabase.co/storage/v1/object/public/boss-images/ds3/highlordwolnir.webp?t=2023-12-13T15%3A06%3A22.643Z');
INSERT INTO Bosses VALUES(91,'Old Demon King',1,NULL,4,'https://epnhpyyerjkkyxartywd.supabase.co/storage/v1/object/public/boss-images/ds3/olddemonking.webp?t=2023-12-13T15%3A06%3A39.152Z');
INSERT INTO Bosses VALUES(92,'Pontiff Sulyvahn',0,NULL,4,'https://epnhpyyerjkkyxartywd.supabase.co/storage/v1/object/public/boss-images/ds3/pontiffsulyvahn.webp?t=2023-12-13T15%3A06%3A52.547Z');
INSERT INTO Bosses VALUES(93,'Aldrich, Devourer of Gods',0,NULL,4,'https://epnhpyyerjkkyxartywd.supabase.co/storage/v1/object/public/boss-images/ds3/aldrichdevourerofgods.webp?t=2023-12-13T15%3A03%3A30.725Z');
INSERT INTO Bosses VALUES(94,'Yhorm the Giant',0,NULL,4,'https://epnhpyyerjkkyxartywd.supabase.co/storage/v1/object/public/boss-images/ds3/yhormthegiant.webp?t=2023-12-13T15%3A07%3A34.561Z');
INSERT INTO Bosses VALUES(95,'Dancer of the Boreal Valley',0,NULL,4,'https://epnhpyyerjkkyxartywd.supabase.co/storage/v1/object/public/boss-images/ds3/danceroftheborealvalley.webp?t=2023-12-13T15%3A05%3A59.288Z');
INSERT INTO Bosses VALUES(96,'Oceiros, the Consumed King',1,NULL,4,'https://epnhpyyerjkkyxartywd.supabase.co/storage/v1/object/public/boss-images/ds3/lothricyoungerprince.webp?t=2023-12-13T15%3A06%3A30.740Z');
INSERT INTO Bosses VALUES(97,'Champion Gundyr',1,NULL,4,'https://epnhpyyerjkkyxartywd.supabase.co/storage/v1/object/public/boss-images/ds3/championgundyr.webp');
INSERT INTO Bosses VALUES(98,'Lothric, Younger Prince',0,NULL,4,'https://epnhpyyerjkkyxartywd.supabase.co/storage/v1/object/public/boss-images/ds3/lothricyoungerprince.webp?t=2023-12-13T15%3A06%3A30.740Z');
INSERT INTO Bosses VALUES(99,'Ancient Wyvern',1,NULL,4,'https://epnhpyyerjkkyxartywd.supabase.co/storage/v1/object/public/boss-images/ds3/ancientwyvern.webp?t=2023-12-13T15%3A04%3A11.021Z');
INSERT INTO Bosses VALUES(100,'The Nameless King',1,NULL,4,'https://epnhpyyerjkkyxartywd.supabase.co/storage/v1/object/public/boss-images/ds3/thenamelessking.webp?t=2023-12-13T15%3A07%3A13.114Z');
INSERT INTO Bosses VALUES(101,'Soul of Cinder',0,NULL,4,'https://epnhpyyerjkkyxartywd.supabase.co/storage/v1/object/public/boss-images/ds3/soulofcinder.webp?t=2023-12-13T15%3A07%3A02.268Z');
INSERT INTO Bosses VALUES(102,'Champion''s Gravetender and Gravetender Greatwolf',1,6,4,'https://epnhpyyerjkkyxartywd.supabase.co/storage/v1/object/public/boss-images/ds3/championsgravetender.webp?t=2023-12-13T15%3A05%3A01.520Z');
INSERT INTO Bosses VALUES(103,'Sister Friede',0,6,4,'https://epnhpyyerjkkyxartywd.supabase.co/storage/v1/object/public/boss-images/ds3/sisterfriede.webp?t=2023-12-13T15%3A06%3A48.559Z');
INSERT INTO Bosses VALUES(104,'Demon in Pain & Demon from Below',0,7,4,'https://epnhpyyerjkkyxartywd.supabase.co/storage/v1/object/public/boss-images/ds3/demoninpainanddemonfrombelow.webp?t=2023-12-13T15%3A06%3A12.852Z');
INSERT INTO Bosses VALUES(105,'Halflight, Spear of the Church',0,7,4,'https://epnhpyyerjkkyxartywd.supabase.co/storage/v1/object/public/boss-images/ds3/halflightspearofthechurch.webp?t=2023-12-13T15%3A06%3A19.251Z');
INSERT INTO Bosses VALUES(106,'Darkeater Midir',1,7,4,'https://epnhpyyerjkkyxartywd.supabase.co/storage/v1/object/public/boss-images/ds3/darkeatermidir.webp?t=2023-12-13T15%3A06%3A06.642Z');
INSERT INTO Bosses VALUES(107,'Slave Knight Gael',0,7,4,'https://epnhpyyerjkkyxartywd.supabase.co/storage/v1/object/public/boss-images/ds3/slaveknightgael.webp?t=2023-12-13T15%3A06%3A53.792Z');
INSERT INTO Bosses VALUES(108,'Cleric Beast',1,NULL,5,'https://epnhpyyerjkkyxartywd.supabase.co/storage/v1/object/public/boss-images/bloodborne/clericbeast.webp');
INSERT INTO Bosses VALUES(109,'Father Gascoigne',0,NULL,5,'https://epnhpyyerjkkyxartywd.supabase.co/storage/v1/object/public/boss-images/bloodborne/fathergascoigne.webp?t=2023-12-13T19%3A16%3A08.227Z');
INSERT INTO Bosses VALUES(110,'Blood-starved Beast',1,NULL,5,'https://epnhpyyerjkkyxartywd.supabase.co/storage/v1/object/public/boss-images/bloodborne/bloodstarvedbeast.webp?t=2023-12-13T19%3A15%3A40.337Z');
INSERT INTO Bosses VALUES(111,'Witches of Hemwick',1,NULL,5,'https://epnhpyyerjkkyxartywd.supabase.co/storage/v1/object/public/boss-images/bloodborne/witchesofhemwick.webp?t=2023-12-13T19%3A18%3A19.806Z');
INSERT INTO Bosses VALUES(112,'Darkbeast Paarl',1,NULL,5,'https://epnhpyyerjkkyxartywd.supabase.co/storage/v1/object/public/boss-images/bloodborne/clericbeast.webp');
INSERT INTO Bosses VALUES(113,'Vicar Amelia',0,NULL,5,'https://epnhpyyerjkkyxartywd.supabase.co/storage/v1/object/public/boss-images/bloodborne/vicaramelia.webp?t=2023-12-13T19%3A18%3A13.654Z');
INSERT INTO Bosses VALUES(114,'Shadows of Yharnam',0,NULL,5,'https://epnhpyyerjkkyxartywd.supabase.co/storage/v1/object/public/boss-images/bloodborne/shadowsofyharnam.webp?t=2023-12-13T19%3A18%3A01.637Z');
INSERT INTO Bosses VALUES(115,'Rom, the Vacuous Spider',0,NULL,5,'https://epnhpyyerjkkyxartywd.supabase.co/storage/v1/object/public/boss-images/bloodborne/romthevacuousspier.webp?t=2023-12-13T19%3A17%3A57.311Z');
INSERT INTO Bosses VALUES(116,'The One Reborn',0,NULL,5,'https://epnhpyyerjkkyxartywd.supabase.co/storage/v1/object/public/boss-images/bloodborne/theonereborn.webp?t=2023-12-13T19%3A18%3A06.240Z');
INSERT INTO Bosses VALUES(117,'Micolash, Host of the Nightmare',0,NULL,5,'https://epnhpyyerjkkyxartywd.supabase.co/storage/v1/object/public/boss-images/bloodborne/micolash.webp?t=2023-12-13T19%3A17%3A45.211Z');
INSERT INTO Bosses VALUES(118,'Martyr Logarius',1,NULL,5,'https://epnhpyyerjkkyxartywd.supabase.co/storage/v1/object/public/boss-images/bloodborne/martyrlogarius.webp?t=2023-12-13T19%3A16%3A38.712Z');
INSERT INTO Bosses VALUES(119,'Celestial Emissary',1,NULL,5,'https://epnhpyyerjkkyxartywd.supabase.co/storage/v1/object/public/boss-images/bloodborne/celestialemissary.webp');
INSERT INTO Bosses VALUES(120,'Ebrietas, Daughter of the Cosmos',1,NULL,5,'https://epnhpyyerjkkyxartywd.supabase.co/storage/v1/object/public/boss-images/bloodborne/ebrietas.webp?t=2023-12-13T19%3A16%3A04.098Z');
INSERT INTO Bosses VALUES(121,'Mergo''s Wet Nurse',0,NULL,5,'https://epnhpyyerjkkyxartywd.supabase.co/storage/v1/object/public/boss-images/bloodborne/mergoswetnurse.webp?t=2023-12-13T19%3A17%3A40.110Z');
INSERT INTO Bosses VALUES(122,'Gehrman, the First Hunter',1,NULL,5,'https://epnhpyyerjkkyxartywd.supabase.co/storage/v1/object/public/boss-images/bloodborne/gehrman.webp?t=2023-12-13T19%3A16%3A14.032Z');
INSERT INTO Bosses VALUES(123,'Moon Presence',1,NULL,5,'https://epnhpyyerjkkyxartywd.supabase.co/storage/v1/object/public/boss-images/bloodborne/moonpresence.webp?t=2023-12-13T19%3A17%3A49.656Z');
INSERT INTO Bosses VALUES(124,'Amygdala',1,NULL,5,'https://epnhpyyerjkkyxartywd.supabase.co/storage/v1/object/public/boss-images/bloodborne/amygdala.webp?t=2023-12-13T19%3A15%3A35.896Z');
INSERT INTO Bosses VALUES(125,'Ludwig, the Accursed & Holy Blade',0,2,5,'https://epnhpyyerjkkyxartywd.supabase.co/storage/v1/object/public/boss-images/bloodborne/ludwig.webp?t=2023-12-13T19%3A16%3A33.114Z');
INSERT INTO Bosses VALUES(126,'Laurence, the First Vicar',1,2,5,'https://epnhpyyerjkkyxartywd.supabase.co/storage/v1/object/public/boss-images/bloodborne/lawrence.webp?t=2023-12-13T19%3A16%3A23.137Z');
INSERT INTO Bosses VALUES(127,'Living Failures',0,2,5,'https://epnhpyyerjkkyxartywd.supabase.co/storage/v1/object/public/boss-images/bloodborne/livingfailures.webp?t=2023-12-13T19%3A16%3A27.843Z');
INSERT INTO Bosses VALUES(128,'Lady Maria of the Astral Clocktower',0,2,5,'https://epnhpyyerjkkyxartywd.supabase.co/storage/v1/object/public/boss-images/bloodborne/ladymaria.webp?t=2023-12-13T19%3A16%3A18.247Z');
INSERT INTO Bosses VALUES(129,'Orphan of Kos',0,2,5,'https://epnhpyyerjkkyxartywd.supabase.co/storage/v1/object/public/boss-images/bloodborne/orphanofkos.webp?t=2023-12-13T19%3A17%3A53.989Z');
INSERT INTO Bosses VALUES(130,'Gyoubu Masataka Oniwa',NULL,NULL,6,'https://epnhpyyerjkkyxartywd.supabase.co/storage/v1/object/public/boss-images/sekiro/gyoubu.webp?t=2023-12-13T19%3A56%3A45.673Z');
INSERT INTO Bosses VALUES(131,'Lady Butterfly',NULL,NULL,6,'https://epnhpyyerjkkyxartywd.supabase.co/storage/v1/object/public/boss-images/sekiro/ladybutterfly.webp?t=2023-12-13T21%3A01%3A52.475Z');
INSERT INTO Bosses VALUES(132,'Genichiro Ashina',NULL,NULL,6,'https://epnhpyyerjkkyxartywd.supabase.co/storage/v1/object/public/boss-images/sekiro/genichiroashina.webp?t=2023-12-13T19%3A56%3A25.769Z');
INSERT INTO Bosses VALUES(133,'Folding Screen Monkeys',NULL,NULL,6,'https://epnhpyyerjkkyxartywd.supabase.co/storage/v1/object/public/boss-images/sekiro/foldingscreenmonkeys.webp?t=2023-12-13T19%3A56%3A16.449Z');
INSERT INTO Bosses VALUES(134,'Guardian Ape',NULL,NULL,6,'https://epnhpyyerjkkyxartywd.supabase.co/storage/v1/object/public/boss-images/sekiro/guarianape.webp?t=2023-12-13T19%3A56%3A38.974Z');
INSERT INTO Bosses VALUES(135,'Headless Ape',NULL,NULL,6,'https://epnhpyyerjkkyxartywd.supabase.co/storage/v1/object/public/boss-images/sekiro/headlessape.webp?t=2023-12-13T19%3A56%3A50.533Z');
INSERT INTO Bosses VALUES(136,'Corrupted Monk',NULL,NULL,6,'https://epnhpyyerjkkyxartywd.supabase.co/storage/v1/object/public/boss-images/sekiro/corruptedmonk.webp?t=2023-12-13T19%3A56%3A03.003Z');
INSERT INTO Bosses VALUES(137,'Isshin Ashina',NULL,NULL,6,'https://epnhpyyerjkkyxartywd.supabase.co/storage/v1/object/public/boss-images/sekiro/isshinashina.webp?t=2023-12-13T19%3A58%3A21.552Z');
INSERT INTO Bosses VALUES(138,'Great Shinobi Owl',NULL,NULL,6,'https://epnhpyyerjkkyxartywd.supabase.co/storage/v1/object/public/boss-images/sekiro/greatshinobiowl.webp?t=2023-12-13T19%3A56%3A31.339Z');
INSERT INTO Bosses VALUES(139,'True Corrupted Monk',NULL,NULL,6,'https://epnhpyyerjkkyxartywd.supabase.co/storage/v1/object/public/boss-images/sekiro/truecorruptedmonk.webp?t=2023-12-13T19%3A58%3A29.878Z');
INSERT INTO Bosses VALUES(140,'Divine Dragon',NULL,NULL,6,'https://epnhpyyerjkkyxartywd.supabase.co/storage/v1/object/public/boss-images/sekiro/divinedragon.webp?t=2023-12-13T19%3A56%3A12.317Z');
INSERT INTO Bosses VALUES(141,'Owl (Father)',NULL,NULL,6,'https://epnhpyyerjkkyxartywd.supabase.co/storage/v1/object/public/boss-images/sekiro/owlfather.webp?t=2023-12-13T19%3A58%3A24.011Z');
INSERT INTO Bosses VALUES(142,'Demon of Hatred',NULL,NULL,6,'https://epnhpyyerjkkyxartywd.supabase.co/storage/v1/object/public/boss-images/sekiro/demonofhatred.webp?t=2023-12-13T19%3A56%3A06.877Z');
INSERT INTO Bosses VALUES(143,'Isshin, the Sword Saint',NULL,NULL,6,'https://epnhpyyerjkkyxartywd.supabase.co/storage/v1/object/public/boss-images/sekiro/isshinswordsaint.webp?t=2023-12-13T21%3A01%3A59.262Z');
INSERT INTO Bosses VALUES(144,'Inner Father',NULL,NULL,6,'https://epnhpyyerjkkyxartywd.supabase.co/storage/v1/object/public/boss-images/sekiro/innerfather.webp?t=2023-12-13T19%3A57%3A46.545Z');
INSERT INTO Bosses VALUES(145,'Inner Genichiro',NULL,NULL,6,'https://epnhpyyerjkkyxartywd.supabase.co/storage/v1/object/public/boss-images/sekiro/innergenichiro.webp?t=2023-12-13T19%3A56%3A59.660Z');
INSERT INTO Bosses VALUES(146,'Inner Isshin',NULL,NULL,6,'https://epnhpyyerjkkyxartywd.supabase.co/storage/v1/object/public/boss-images/sekiro/innerisshin.webp?t=2023-12-13T21%3A02%3A11.947Z');
INSERT INTO Bosses VALUES(147,'Margit the Fell Omen',NULL,NULL,7,'https://epnhpyyerjkkyxartywd.supabase.co/storage/v1/object/public/boss-images/eldenring/margit.webp?t=2023-12-13T23%3A35%3A58.614Z');
INSERT INTO Bosses VALUES(148,'Godrick the Grafted',NULL,NULL,7,'https://epnhpyyerjkkyxartywd.supabase.co/storage/v1/object/public/boss-images/eldenring/godrick.webp');
INSERT INTO Bosses VALUES(149,'Red Wolf of Radagon',NULL,NULL,7,'https://epnhpyyerjkkyxartywd.supabase.co/storage/v1/object/public/boss-images/eldenring/redwolfofradagon.webp?t=2023-12-13T23%3A36%3A47.787Z');
INSERT INTO Bosses VALUES(150,'Rennala, Queen of the Full Moon',NULL,NULL,7,'https://epnhpyyerjkkyxartywd.supabase.co/storage/v1/object/public/boss-images/eldenring/rennala.webp?t=2023-12-13T23%3A37%3A00.645Z');
INSERT INTO Bosses VALUES(151,'Leonine Misbegotten (Castle Morne)',NULL,NULL,7,'https://epnhpyyerjkkyxartywd.supabase.co/storage/v1/object/public/boss-images/eldenring/leoninemisbegotten.webp?t=2023-12-13T23%3A35%3A30.180Z');
INSERT INTO Bosses VALUES(152,'Ancestor Spirit',NULL,NULL,7,'https://epnhpyyerjkkyxartywd.supabase.co/storage/v1/object/public/boss-images/eldenring/ancestorspirit.webp?t=2023-12-13T23%3A34%3A15.549Z');
INSERT INTO Bosses VALUES(153,'Starscourge Radahn',NULL,NULL,7,'https://epnhpyyerjkkyxartywd.supabase.co/storage/v1/object/public/boss-images/eldenring/starscourgeradahn.webp?t=2023-12-13T23%3A37%3A19.919Z');
INSERT INTO Bosses VALUES(154,'Magma Wyrm Makar',NULL,NULL,7,'https://epnhpyyerjkkyxartywd.supabase.co/storage/v1/object/public/boss-images/eldenring/magmawyrmmakar.webp?t=2023-12-13T23%3A35%3A46.746Z');
INSERT INTO Bosses VALUES(155,'Mimic Tear (Nokron, Eternal City)',NULL,NULL,7,'https://epnhpyyerjkkyxartywd.supabase.co/storage/v1/object/public/boss-images/eldenring/mimictear.webp?t=2023-12-13T23%3A36%3A03.708Z');
INSERT INTO Bosses VALUES(156,'Royal Knight Loretta',NULL,NULL,7,'https://epnhpyyerjkkyxartywd.supabase.co/storage/v1/object/public/boss-images/eldenring/royalknightloretta.webp?t=2023-12-13T23%3A37%3A06.479Z');
INSERT INTO Bosses VALUES(157,'Regal Ancestor Spirit',NULL,NULL,7,'https://epnhpyyerjkkyxartywd.supabase.co/storage/v1/object/public/boss-images/eldenring/regalancestorspirit.webp');
INSERT INTO Bosses VALUES(158,'Dragonkin Soldier of Nokstella',NULL,NULL,7,'https://epnhpyyerjkkyxartywd.supabase.co/storage/v1/object/public/boss-images/eldenring/dragonkinsoldierofnokstella.webp?t=2023-12-13T23%3A34%3A27.005Z');
INSERT INTO Bosses VALUES(159,'Valiant Gargoyles',NULL,NULL,7,'https://epnhpyyerjkkyxartywd.supabase.co/storage/v1/object/public/boss-images/eldenring/valiantgargoyles.webp?t=2023-12-13T23%3A37%3A25.490Z');
INSERT INTO Bosses VALUES(160,'Astel, Naturalborn of the Void',NULL,NULL,7,'https://epnhpyyerjkkyxartywd.supabase.co/storage/v1/object/public/boss-images/eldenring/astel.webp?t=2023-12-13T23%3A34%3A18.953Z');
INSERT INTO Bosses VALUES(161,'Godskin Noble (Volcano Manor)',NULL,NULL,7,'https://epnhpyyerjkkyxartywd.supabase.co/storage/v1/object/public/boss-images/eldenring/godskinnoble.webp?t=2023-12-13T23%3A35%3A20.791Z');
INSERT INTO Bosses VALUES(162,'Rykard, Lord of Blasphemy',NULL,NULL,7,'https://epnhpyyerjkkyxartywd.supabase.co/storage/v1/object/public/boss-images/eldenring/rykard.webp?t=2023-12-13T23%3A37%3A15.310Z');
INSERT INTO Bosses VALUES(163,'Elemer of the Briar',NULL,NULL,7,'https://epnhpyyerjkkyxartywd.supabase.co/storage/v1/object/public/boss-images/eldenring/elemerofthebriar.webp?t=2023-12-13T23%3A34%3A35.502Z');
INSERT INTO Bosses VALUES(164,'Godfrey, First Elden Lord (Golden Shade)',NULL,NULL,7,'https://epnhpyyerjkkyxartywd.supabase.co/storage/v1/object/public/boss-images/eldenring/godfreygoldenshade.webp?t=2023-12-13T23%3A34%3A44.977Z');
INSERT INTO Bosses VALUES(165,'Morgott the Omen King',NULL,NULL,7,'https://epnhpyyerjkkyxartywd.supabase.co/storage/v1/object/public/boss-images/eldenring/morgott.webp?t=2023-12-13T23%3A36%3A38.162Z');
INSERT INTO Bosses VALUES(166,'Mohg, the Omen',NULL,NULL,7,'https://epnhpyyerjkkyxartywd.supabase.co/storage/v1/object/public/boss-images/eldenring/moghtheomen.webp?t=2023-12-13T23%3A36%3A26.340Z');
INSERT INTO Bosses VALUES(167,'Commander Niall',NULL,NULL,7,'https://epnhpyyerjkkyxartywd.supabase.co/storage/v1/object/public/boss-images/eldenring/commanderniall.webp?t=2023-12-13T23%3A34%3A22.666Z');
INSERT INTO Bosses VALUES(168,'Fire Giant',NULL,NULL,7,'https://epnhpyyerjkkyxartywd.supabase.co/storage/v1/object/public/boss-images/eldenring/firegiant.webp?t=2023-12-13T23%3A34%3A40.596Z');
INSERT INTO Bosses VALUES(169,'Loretta, Knight of the Haligtree',NULL,NULL,7,'https://epnhpyyerjkkyxartywd.supabase.co/storage/v1/object/public/boss-images/eldenring/lorettaknightofthehaligtree.webp?t=2023-12-13T23%3A35%3A42.489Z');
INSERT INTO Bosses VALUES(170,'Malenia, Blade of Miquella',NULL,NULL,7,'https://epnhpyyerjkkyxartywd.supabase.co/storage/v1/object/public/boss-images/eldenring/malenia.webp?t=2023-12-13T23%3A35%3A50.466Z');
INSERT INTO Bosses VALUES(171,'Godskin Duo',NULL,NULL,7,'https://epnhpyyerjkkyxartywd.supabase.co/storage/v1/object/public/boss-images/eldenring/godskinduo.webp?t=2023-12-13T23%3A35%3A15.168Z');
INSERT INTO Bosses VALUES(172,'Dragonlord Placidusax',NULL,NULL,7,'https://epnhpyyerjkkyxartywd.supabase.co/storage/v1/object/public/boss-images/eldenring/dragonlordplacidusax.webp?t=2023-12-13T23%3A34%3A30.849Z');
INSERT INTO Bosses VALUES(173,'Maliketh, the Black Blade',NULL,NULL,7,'https://epnhpyyerjkkyxartywd.supabase.co/storage/v1/object/public/boss-images/eldenring/maliketh.webp?t=2023-12-13T23%3A35%3A54.720Z');
INSERT INTO Bosses VALUES(174,'Lichdragon Fortissax',NULL,NULL,7,'https://epnhpyyerjkkyxartywd.supabase.co/storage/v1/object/public/boss-images/eldenring/lichdragonfortisasax.webp?t=2023-12-13T23%3A35%3A37.422Z');
INSERT INTO Bosses VALUES(175,'Mohg, Lord of Blood',NULL,NULL,7,'https://epnhpyyerjkkyxartywd.supabase.co/storage/v1/object/public/boss-images/eldenring/mohglordofblood.webp?t=2023-12-13T23%3A36%3A19.759Z');
INSERT INTO Bosses VALUES(176,'Hoarah Loux, Warrior',NULL,NULL,7,'https://epnhpyyerjkkyxartywd.supabase.co/storage/v1/object/public/boss-images/eldenring/hoarahloux.webp?t=2023-12-13T23%3A35%3A25.055Z');
INSERT INTO Bosses VALUES(177,'Radagon of the Golden Order / Elden Beast',0,NULL,7,'https://epnhpyyerjkkyxartywd.supabase.co/storage/v1/object/public/boss-images/eldenring/radagon.webp?t=2023-12-13T23%3A36%3A42.366Z');
INSERT INTO Bosses VALUES(178,'Parade Master',0,NULL,8,'https://epnhpyyerjkkyxartywd.supabase.co/storage/v1/object/public/boss-images/liesofp/parade-master.webp?t=2024-02-09T10%3A19%3A03.074Z');
INSERT INTO Bosses VALUES(179,'Scrapped Watchman',0,NULL,8,'https://epnhpyyerjkkyxartywd.supabase.co/storage/v1/object/public/boss-images/liesofp/scrapped-watchman.webp?t=2024-02-09T10%3A20%3A53.769Z');
INSERT INTO Bosses VALUES(180,'King''s Flame, Fuoco',0,NULL,8,'https://epnhpyyerjkkyxartywd.supabase.co/storage/v1/object/public/boss-images/liesofp/kings-flame-fuoco.webp?t=2024-02-09T10%3A22%3A56.415Z');
INSERT INTO Bosses VALUES(181,'Fallen Archbishop Andreus',0,NULL,8,'https://epnhpyyerjkkyxartywd.supabase.co/storage/v1/object/public/boss-images/liesofp/fallen-archbishop-andreus.webp');
INSERT INTO Bosses VALUES(182,'Eldest of the Black Rabbit Brotherhood',0,NULL,8,'https://epnhpyyerjkkyxartywd.supabase.co/storage/v1/object/public/boss-images/liesofp/eldest-black-rabbit.webp?t=2024-02-16T20%3A28%3A37.046Z');
INSERT INTO Bosses VALUES(183,'King of Puppets',0,NULL,8,'https://epnhpyyerjkkyxartywd.supabase.co/storage/v1/object/public/boss-images/liesofp/king-of-puppets.webp?t=2024-02-09T10%3A27%3A37.400Z');
INSERT INTO Bosses VALUES(184,'Romeo, King of Puppets',0,NULL,8,'https://epnhpyyerjkkyxartywd.supabase.co/storage/v1/object/public/boss-images/liesofp/romeo-king-of-puppets.webp?t=2024-02-16T20%3A28%3A59.260Z');
INSERT INTO Bosses VALUES(185,'Champion Victor',0,NULL,8,'https://epnhpyyerjkkyxartywd.supabase.co/storage/v1/object/public/boss-images/liesofp/champion-victor.webp?t=2024-02-09T10%3A31%3A07.950Z');
INSERT INTO Bosses VALUES(186,'Green Monster of the Swamp',0,NULL,8,'https://epnhpyyerjkkyxartywd.supabase.co/storage/v1/object/public/boss-images/liesofp/green-swamp-monster.png?t=2024-02-09T10%3A32%3A28.966Z');
INSERT INTO Bosses VALUES(187,'Puppet Devouring Green Monster',0,NULL,8,'https://epnhpyyerjkkyxartywd.supabase.co/storage/v1/object/public/boss-images/liesofp/puppet-devouring-green-monster.webp');
INSERT INTO Bosses VALUES(188,'Corrupted Parade Master',0,NULL,8,'https://epnhpyyerjkkyxartywd.supabase.co/storage/v1/object/public/boss-images/liesofp/corrupted-parade-master.webp?t=2024-02-09T10%3A39%3A40.445Z');
INSERT INTO Bosses VALUES(189,'Black Rabbit Brotherhood',0,NULL,8,'https://epnhpyyerjkkyxartywd.supabase.co/storage/v1/object/public/boss-images/liesofp/black-rabbit-brotherhood.webp?t=2024-02-09T10%3A49%3A20.540Z');
INSERT INTO Bosses VALUES(190,'Laxasia the Complete',0,NULL,8,'https://epnhpyyerjkkyxartywd.supabase.co/storage/v1/object/public/boss-images/liesofp/laxasia-the-complete.webp?t=2024-02-09T10%3A41%3A34.152Z');
INSERT INTO Bosses VALUES(191,'Simon Manus, Awakened God',0,NULL,8,'https://epnhpyyerjkkyxartywd.supabase.co/storage/v1/object/public/boss-images/liesofp/simon-manus.webp?t=2024-02-09T10%3A43%3A53.721Z');
INSERT INTO Bosses VALUES(192,'Nameless Puppet',1,NULL,8,'https://epnhpyyerjkkyxartywd.supabase.co/storage/v1/object/public/boss-images/liesofp/nameless-puppet.webp');
INSERT INTO Bosses VALUES(193,'Divine Beast Dancing Lion',0,8,7,'https://epnhpyyerjkkyxartywd.supabase.co/storage/v1/object/public/boss-images/eldenring/divine-beast-dancing-lion.webp?t=2024-06-19T21%3A04%3A34.855Z');
INSERT INTO Bosses VALUES(194,'Rellana, Twin Moon Knight',0,8,7,'https://epnhpyyerjkkyxartywd.supabase.co/storage/v1/object/public/boss-images/eldenring/rellana-twin-moon-knight.webp?t=2024-06-19T21%3A06%3A20.827Z');
INSERT INTO Bosses VALUES(195,'Putrescent Knight',0,8,7,'https://epnhpyyerjkkyxartywd.supabase.co/storage/v1/object/public/boss-images/eldenring/putrescent-knight.webp?t=2024-06-19T21%3A06%3A53.945Z');
INSERT INTO Bosses VALUES(196,'Commander Gaius',0,8,7,'https://epnhpyyerjkkyxartywd.supabase.co/storage/v1/object/public/boss-images/eldenring/commander-gaius.webp?t=2024-06-19T21%3A08%3A23.821Z');
INSERT INTO Bosses VALUES(197,'Scadutree Avatar',0,8,7,'https://epnhpyyerjkkyxartywd.supabase.co/storage/v1/object/public/boss-images/eldenring/scadutree-avatar.webp?t=2024-06-19T21%3A09%3A03.728Z');
INSERT INTO Bosses VALUES(198,'Romina, Saint of the Bud',0,8,7,'https://epnhpyyerjkkyxartywd.supabase.co/storage/v1/object/public/boss-images/eldenring/romina-saint-of-the-bud.webp?t=2024-06-19T21%3A09%3A31.388Z');
INSERT INTO Bosses VALUES(199,'Midra, Lord of Frenzied Flame',0,8,7,'https://epnhpyyerjkkyxartywd.supabase.co/storage/v1/object/public/boss-images/eldenring/midra-lord-of-the-frenzied-flame.webp?t=2024-06-19T21%3A09%3A50.760Z');
INSERT INTO Bosses VALUES(200,'Metyr, Mother of Fingers',0,8,7,'https://epnhpyyerjkkyxartywd.supabase.co/storage/v1/object/public/boss-images/eldenring/metyr-mother-of-fingers.webp?t=2024-06-19T21%3A10%3A19.564Z');
INSERT INTO Bosses VALUES(201,'Messmer, The Impaler',0,8,7,'https://epnhpyyerjkkyxartywd.supabase.co/storage/v1/object/public/boss-images/eldenring/messmer-the-impaler.webp?t=2024-06-19T21%3A10%3A48.460Z');
INSERT INTO Bosses VALUES(202,'Radahn, Promised Consort',0,8,7,'https://epnhpyyerjkkyxartywd.supabase.co/storage/v1/object/public/boss-images/eldenring/radahn-promised-consort.webp');
INSERT INTO Bosses VALUES(204,'Bayle the Dread',0,8,7,'https://epnhpyyerjkkyxartywd.supabase.co/storage/v1/object/public/boss-images/eldenring/bayle-the-dread.webp?t=2024-06-25T18%3A16%3A04.780Z');
CREATE TABLE IF NOT EXISTS `DLC` (
`dlc_id` integer PRIMARY KEY AUTOINCREMENT NOT NULL,
`dlc_title` text NOT NULL,
`dlc_order` integer NOT NULL,
`dlc_game` integer NOT NULL,
FOREIGN KEY (`dlc_game`) REFERENCES `Games`(`game_id`) ON UPDATE no action ON DELETE no action
);
INSERT INTO DLC VALUES(1,'Artorias of the Abyss',1,2);
INSERT INTO DLC VALUES(2,'Old Hunters',1,5);
INSERT INTO DLC VALUES(3,'Crown of the Sunken King',1,3);
INSERT INTO DLC VALUES(4,'Crown of the Old Iron King',2,3);
INSERT INTO DLC VALUES(5,'Crown of the Ivory King',3,3);
INSERT INTO DLC VALUES(6,'Ashes of Ariandel',1,4);
INSERT INTO DLC VALUES(7,'The Ringed City',2,4);
INSERT INTO DLC VALUES(8,'Shadow Of The Erdtree',1,7);
CREATE TABLE IF NOT EXISTS `Games` (
`game_id` integer PRIMARY KEY AUTOINCREMENT NOT NULL,
`game_title` text NOT NULL
);
INSERT INTO Games VALUES(1,'Demon''s Souls');
INSERT INTO Games VALUES(2,'Dark Souls');
INSERT INTO Games VALUES(3,'Dark Souls II');
INSERT INTO Games VALUES(4,'Dark Souls III');
INSERT INTO Games VALUES(5,'Bloodborne');
INSERT INTO Games VALUES(6,'Sekiro: Shadows Die Twice');
INSERT INTO Games VALUES(7,'Elden Ring');
INSERT INTO Games VALUES(8,'Lies of P');
CREATE TABLE IF NOT EXISTS `User` (
	`uid` text NOT NULL,
	`id` integer PRIMARY KEY AUTOINCREMENT NOT NULL,
	`email` text NOT NULL,
	`display_name` text NOT NULL
, `profile_picture` text);
INSERT INTO User VALUES('204fefdd-6e3e-4aff-93fc-6ca98e65b72d',13,'tomnicol1496@gmail.com','RichardSweetly','https://static-cdn.jtvnw.net/jtv_user_pictures/1757caf6-e432-4589-8d08-8b258d788a4c-profile_image-300x300.png');
INSERT INTO User VALUES('e857967c-d17a-4acc-84f3-3c5bc095916a',14,'dcoyelement@gmail.com','DcoyElement','https://static-cdn.jtvnw.net/jtv_user_pictures/52505f1e-97c3-4cab-bb65-8944ba2e25f7-profile_image-300x300.jpg');
INSERT INTO User VALUES('2a5bf71e-81a9-403b-8d39-95e308d15e38',15,'connorcam123@gmail.com','Colfox','https://lh3.googleusercontent.com/a/ACg8ocLhaNSeF2INg9f5GjV8DpoDhKuyooB-a5L5NE4Ct0dgJw=s96-c');
INSERT INTO User VALUES('92de1c5b-718b-41b9-ba1f-4ed18773df3d',16,'callumrandall1@gmail.com','Tifty','https://lh3.googleusercontent.com/a/ACg8ocJWzmxLsp21iuGy1QCVZgeOo3AYgIcQZD914r42buW81w=s96-c');
INSERT INTO User VALUES('174ed629-3e0d-400e-b289-59deb0c39a29',17,'ahmedalaa1610@gmail.com','Sighboys','https://cdn.discordapp.com/avatars/1155267102148661309/e5198dbaba116846a6474e57fe67a754.png');
INSERT INTO User VALUES('ae2a0339-b56d-4a5a-a19c-61e8722b48f2',18,'h4les812@gmail.com','Nova','https://lh3.googleusercontent.com/a/ACg8ocKJ7gjXRP8rT6xYJZGzBCIG6Q1rFujOAq5oFHBu8UNrRWA=s96-c');
INSERT INTO User VALUES('b91636ef-269e-4b92-b6f2-057360d188a1',19,'thomas.taylor.96.09@gmail.com','Doherty','https://cdn.discordapp.com/avatars/219146211012247553/922f887ff9f476482bb87cf67886f4d4.png');
INSERT INTO User VALUES('c582cb10-443e-4258-b133-16cbbd85088b',20,'npotts649@gmail.com','P_33','https://cdn.discordapp.com/avatars/140155350115418112/4ad76d37b295d048436bf597f57d10da.png');
INSERT INTO User VALUES('586701b2-dd8c-4c3f-9ac1-68ac82954511',22,'cameronbrock5575@gmail.com','Brock','https://cdn.discordapp.com/avatars/140160522346692608/8b9f7ab75d4839db34361fa76a469223.png');
INSERT INTO User VALUES('a7559023-e832-4a8b-bc92-e8a57be27838',23,'camrowell1@gmail.com','camrowell1','https://cdn.discordapp.com/avatars/232888965437456384/671d5ba8604676d33889f6829128dce4.png');
INSERT INTO User VALUES('3aba2339-488e-441f-b31b-448b361a177b',24,'joemillward100@gmail.com','Cyclone_Joe','https://lh3.googleusercontent.com/a/ACg8ocLvNvAc1nie6PGI5mdRTCnk2yruEYTt8dH_PFi6ncQ1=s96-c');
CREATE TABLE IF NOT EXISTS `Runs` (
`run_id` integer PRIMARY KEY AUTOINCREMENT NOT NULL,
`game_id` integer NOT NULL,
`run_start_date` integer NOT NULL,
`run_end_date` integer,
`run_user` integer NOT NULL,
`experience` integer NOT NULL,
`run_name` string NOT NULL,
FOREIGN KEY (`game_id`) REFERENCES `Games`(`game_id`) ON UPDATE no action ON DELETE no action,
FOREIGN KEY (`run_user`) REFERENCES `User`(`id`) ON UPDATE no action ON DELETE no action
);
INSERT INTO Runs VALUES(17,4,1703087811715,NULL,14,2,'DcoyElement Run  2');
INSERT INTO Runs VALUES(29,3,1703089773184,NULL,13,1,'Tom''s First DS2');
INSERT INTO Runs VALUES(30,3,1703200957506,NULL,15,1,'Colfox First DS2');
INSERT INTO Runs VALUES(31,7,1703247466064,NULL,19,0,'Dex/Int Astro');
INSERT INTO Runs VALUES(32,6,1704315547814,NULL,20,0,'Big P big first run');
INSERT INTO Runs VALUES(33,3,1706732356262,NULL,16,1,'Tifty Dark Souls II');
INSERT INTO Runs VALUES(34,2,1707506027781,NULL,17,3,'ds1');
INSERT INTO Runs VALUES(35,8,1707521870237,NULL,16,1,'Tifty 1st Lies of P');
INSERT INTO Runs VALUES(36,4,1708112585275,NULL,22,0,'liberal-bronze-hawk');
INSERT INTO Runs VALUES(37,4,1708122086025,NULL,15,2,'Colfox DS3 Replay');
INSERT INTO Runs VALUES(38,7,1708298379367,NULL,16,3,'Tifty Elden Ring');
INSERT INTO Runs VALUES(39,7,1708797321117,NULL,23,1,'Throcky’s Elden Ring 1');
INSERT INTO Runs VALUES(40,7,1710507820714,NULL,24,3,'Pre-shadow of the Erdtree');
INSERT INTO Runs VALUES(41,7,1710902748433,NULL,24,3,'Pre shadow run but i stopped using twinblades cause im shit');
INSERT INTO Runs VALUES(42,7,1718044184792,NULL,13,1,'Tom''s First Elden Ring');
INSERT INTO Runs VALUES(43,7,1718049857576,NULL,13,1,'matty er');
INSERT INTO Runs VALUES(44,7,1718925309620,NULL,15,2,'Connor ER DLC');
INSERT INTO Runs VALUES(45,7,1718989950478,NULL,24,3,'Joe shadow of the erdtree');
INSERT INTO Runs VALUES(46,7,1719259766090,NULL,17,3,'dlc-run');
INSERT INTO Runs VALUES(47,7,1719408789560,NULL,16,3,'Running it back');
INSERT INTO Runs VALUES(48,7,1719774227186,NULL,16,3,'Coop');
CREATE TABLE IF NOT EXISTS `BossDeathsInRun` (
`death_id` integer PRIMARY KEY AUTOINCREMENT NOT NULL,
`run_id` integer NOT NULL,
`boss_id` integer NOT NULL,
`death_count` integer NOT NULL,
`death_date` integer,
FOREIGN KEY (`run_id`) REFERENCES `Runs`(`run_id`) ON UPDATE no action ON DELETE no action,
FOREIGN KEY (`boss_id`) REFERENCES `Bosses`(`boss_id`) ON UPDATE no action ON DELETE no action
);
INSERT INTO BossDeathsInRun VALUES(44,17,84,0,1703088116131);
INSERT INTO BossDeathsInRun VALUES(45,17,85,1,1703089147778);
INSERT INTO BossDeathsInRun VALUES(46,29,42,0,1703089785032);
INSERT INTO BossDeathsInRun VALUES(47,29,43,5,1703089792645);
INSERT INTO BossDeathsInRun VALUES(48,29,44,0,1703089797086);
INSERT INTO BossDeathsInRun VALUES(49,29,45,23,1703089814645);
INSERT INTO BossDeathsInRun VALUES(50,29,46,1,1703089819661);
INSERT INTO BossDeathsInRun VALUES(51,29,47,2,1703089824294);
INSERT INTO BossDeathsInRun VALUES(52,29,48,1,1703089828109);
INSERT INTO BossDeathsInRun VALUES(53,29,49,0,1703089831546);
INSERT INTO BossDeathsInRun VALUES(54,29,50,0,1703089835364);
INSERT INTO BossDeathsInRun VALUES(55,29,51,3,1703089850765);
INSERT INTO BossDeathsInRun VALUES(56,29,52,4,1703089857989);
INSERT INTO BossDeathsInRun VALUES(57,29,53,0,1703089878320);
INSERT INTO BossDeathsInRun VALUES(58,29,54,0,1703089900855);
INSERT INTO BossDeathsInRun VALUES(59,29,55,0,1703089904868);
INSERT INTO BossDeathsInRun VALUES(60,29,56,1,1703089909936);
INSERT INTO BossDeathsInRun VALUES(61,29,57,5,1703089918263);
INSERT INTO BossDeathsInRun VALUES(62,29,58,2,1703089924197);
INSERT INTO BossDeathsInRun VALUES(63,29,59,8,1703089935049);
INSERT INTO BossDeathsInRun VALUES(64,29,61,0,1703089957396);
INSERT INTO BossDeathsInRun VALUES(65,29,62,0,1703089961861);
INSERT INTO BossDeathsInRun VALUES(66,29,63,5,1703089967768);
INSERT INTO BossDeathsInRun VALUES(67,29,64,4,1703089973740);
INSERT INTO BossDeathsInRun VALUES(69,29,65,6,1703090003108);
INSERT INTO BossDeathsInRun VALUES(70,29,66,0,1703090009238);
INSERT INTO BossDeathsInRun VALUES(71,29,67,15,1703090018232);
INSERT INTO BossDeathsInRun VALUES(72,29,68,0,1703090020420);
INSERT INTO BossDeathsInRun VALUES(73,29,69,0,1703090024067);
INSERT INTO BossDeathsInRun VALUES(74,29,70,18,1703090032566);
INSERT INTO BossDeathsInRun VALUES(75,29,71,0,1703090038776);
INSERT INTO BossDeathsInRun VALUES(76,29,79,3,1703090050159);
INSERT INTO BossDeathsInRun VALUES(77,29,73,14,1703090061629);
INSERT INTO BossDeathsInRun VALUES(78,29,74,12,1703090073360);
INSERT INTO BossDeathsInRun VALUES(79,29,75,2,1703090081191);
INSERT INTO BossDeathsInRun VALUES(80,29,76,2,1703090086794);
INSERT INTO BossDeathsInRun VALUES(81,29,77,11,1703090120834);
INSERT INTO BossDeathsInRun VALUES(82,29,78,20,1703090134942);
INSERT INTO BossDeathsInRun VALUES(83,29,80,2,1703090139232);
INSERT INTO BossDeathsInRun VALUES(84,29,81,1,1703090143568);
INSERT INTO BossDeathsInRun VALUES(85,29,82,0,1703090146916);
INSERT INTO BossDeathsInRun VALUES(86,29,83,3,1703090150158);
INSERT INTO BossDeathsInRun VALUES(87,17,86,0,1703090435142);
INSERT INTO BossDeathsInRun VALUES(88,30,42,7,1703200981164);
INSERT INTO BossDeathsInRun VALUES(89,30,43,16,1703247287835);
INSERT INTO BossDeathsInRun VALUES(90,31,147,4,NULL);
INSERT INTO BossDeathsInRun VALUES(91,17,87,1,NULL);
INSERT INTO BossDeathsInRun VALUES(92,32,130,24,1704576557381);
INSERT INTO BossDeathsInRun VALUES(93,33,42,1,1706815986219);
INSERT INTO BossDeathsInRun VALUES(94,33,43,10,1706818531054);
INSERT INTO BossDeathsInRun VALUES(95,33,44,0,1706819600490);
INSERT INTO BossDeathsInRun VALUES(96,33,47,2,1706828546127);
INSERT INTO BossDeathsInRun VALUES(97,33,45,3,1706901758377);
INSERT INTO BossDeathsInRun VALUES(98,33,54,0,1706831955530);
INSERT INTO BossDeathsInRun VALUES(99,33,46,1,1706910447539);
INSERT INTO BossDeathsInRun VALUES(100,33,49,1,1706913548677);
INSERT INTO BossDeathsInRun VALUES(101,33,55,2,1706991150985);
INSERT INTO BossDeathsInRun VALUES(102,33,48,1,1706992137298);
INSERT INTO BossDeathsInRun VALUES(103,33,50,0,1706992533957);
INSERT INTO BossDeathsInRun VALUES(105,33,51,0,1706993644608);
INSERT INTO BossDeathsInRun VALUES(106,33,52,8,1707005844041);
INSERT INTO BossDeathsInRun VALUES(107,33,53,0,1707008441206);
INSERT INTO BossDeathsInRun VALUES(108,33,56,0,1707011067384);
INSERT INTO BossDeathsInRun VALUES(109,33,57,2,1707011315171);
INSERT INTO BossDeathsInRun VALUES(110,33,58,1,1707012862483);
INSERT INTO BossDeathsInRun VALUES(111,33,61,1,1707054951413);
INSERT INTO BossDeathsInRun VALUES(112,33,59,1,1707089359549);
INSERT INTO BossDeathsInRun VALUES(114,33,62,0,1707089368005);
INSERT INTO BossDeathsInRun VALUES(115,33,63,0,1707089375691);
INSERT INTO BossDeathsInRun VALUES(116,33,64,3,1707091087168);
INSERT INTO BossDeathsInRun VALUES(117,33,65,1,1707092855069);
INSERT INTO BossDeathsInRun VALUES(118,33,66,0,1707095214831);
INSERT INTO BossDeathsInRun VALUES(119,33,67,5,1707096459902);
INSERT INTO BossDeathsInRun VALUES(120,33,81,0,1707158442034);
INSERT INTO BossDeathsInRun VALUES(121,33,68,0,1707159026584);
INSERT INTO BossDeathsInRun VALUES(122,33,69,2,1707165414221);
INSERT INTO BossDeathsInRun VALUES(123,33,70,0,1707165799913);
INSERT INTO BossDeathsInRun VALUES(124,33,71,0,1707170017752);
INSERT INTO BossDeathsInRun VALUES(125,33,73,51,1707261059284);
INSERT INTO BossDeathsInRun VALUES(126,33,74,9,1707263964005);
INSERT INTO BossDeathsInRun VALUES(127,32,131,16,1707266212217);
INSERT INTO BossDeathsInRun VALUES(128,33,75,7,1707330851941);
INSERT INTO BossDeathsInRun VALUES(129,32,132,40,1707272783780);
INSERT INTO BossDeathsInRun VALUES(130,32,133,0,1707282635326);
INSERT INTO BossDeathsInRun VALUES(131,33,76,2,1707332594656);
INSERT INTO BossDeathsInRun VALUES(132,33,77,2,1707335940391);
INSERT INTO BossDeathsInRun VALUES(133,32,134,33,1707424874575);
INSERT INTO BossDeathsInRun VALUES(135,33,78,11,1707417328587);
INSERT INTO BossDeathsInRun VALUES(136,33,79,2,1707420226865);
INSERT INTO BossDeathsInRun VALUES(137,33,80,2,1707421569825);
INSERT INTO BossDeathsInRun VALUES(138,33,82,1,1707422385068);
INSERT INTO BossDeathsInRun VALUES(139,33,83,0,1707422391026);
INSERT INTO BossDeathsInRun VALUES(140,32,135,10,1707435447114);
INSERT INTO BossDeathsInRun VALUES(141,32,136,33,1707759369947);
INSERT INTO BossDeathsInRun VALUES(142,32,136,33,1707759369947);
INSERT INTO BossDeathsInRun VALUES(143,34,17,0,1707506363921);
INSERT INTO BossDeathsInRun VALUES(144,34,18,0,1707509054500);
INSERT INTO BossDeathsInRun VALUES(145,34,19,0,1707510243714);
INSERT INTO BossDeathsInRun VALUES(146,34,31,0,1707512108044);
INSERT INTO BossDeathsInRun VALUES(147,34,20,1,1707513042246);
INSERT INTO BossDeathsInRun VALUES(148,34,21,0,1707514710310);
INSERT INTO BossDeathsInRun VALUES(149,34,22,3,1707517673331);
INSERT INTO BossDeathsInRun VALUES(150,34,23,4,1707519948525);
INSERT INTO BossDeathsInRun VALUES(151,35,178,0,1707521872846);
INSERT INTO BossDeathsInRun VALUES(152,34,24,0,1707522246231);
INSERT INTO BossDeathsInRun VALUES(153,34,33,1,1707580197068);
INSERT INTO BossDeathsInRun VALUES(154,34,32,0,1707580930343);
INSERT INTO BossDeathsInRun VALUES(155,34,34,0,1707581662800);
INSERT INTO BossDeathsInRun VALUES(156,34,27,0,1707583095601);
INSERT INTO BossDeathsInRun VALUES(157,34,25,0,1707584046952);
INSERT INTO BossDeathsInRun VALUES(158,34,26,0,1707585511964);
INSERT INTO BossDeathsInRun VALUES(159,34,35,0,1707585733654);
INSERT INTO BossDeathsInRun VALUES(160,34,37,0,1707586033173);
INSERT INTO BossDeathsInRun VALUES(161,34,36,0,1707586207287);
INSERT INTO BossDeathsInRun VALUES(162,34,29,5,1707587156920);
INSERT INTO BossDeathsInRun VALUES(163,34,28,1,1707588429722);
INSERT INTO BossDeathsInRun VALUES(164,34,39,0,1707589015282);
INSERT INTO BossDeathsInRun VALUES(165,34,38,0,1707589267371);
INSERT INTO BossDeathsInRun VALUES(166,34,40,0,1707589916747);
INSERT INTO BossDeathsInRun VALUES(167,34,41,1,1707591097915);
INSERT INTO BossDeathsInRun VALUES(169,34,30,0,1707591377668);
INSERT INTO BossDeathsInRun VALUES(170,35,179,11,1707597101618);
INSERT INTO BossDeathsInRun VALUES(171,35,180,1,1707661131386);
INSERT INTO BossDeathsInRun VALUES(172,35,181,1,1707665920752);
INSERT INTO BossDeathsInRun VALUES(173,35,182,5,1707694684701);
INSERT INTO BossDeathsInRun VALUES(174,32,138,48,1707782629710);
INSERT INTO BossDeathsInRun VALUES(175,35,184,5,1707769625211);
INSERT INTO BossDeathsInRun VALUES(176,32,139,5,1707784277044);
INSERT INTO BossDeathsInRun VALUES(177,32,140,2,1707787709990);
INSERT INTO BossDeathsInRun VALUES(178,32,142,47,1708711552244);
INSERT INTO BossDeathsInRun VALUES(179,35,185,6,1707861587849);
INSERT INTO BossDeathsInRun VALUES(180,35,187,2,1707943339139);
INSERT INTO BossDeathsInRun VALUES(181,35,188,4,1708033152313);
INSERT INTO BossDeathsInRun VALUES(182,35,189,7,1708036305219);
INSERT INTO BossDeathsInRun VALUES(183,35,190,56,1708119832845);
INSERT INTO BossDeathsInRun VALUES(184,36,84,0,1708112593150);
INSERT INTO BossDeathsInRun VALUES(185,36,85,3,1708125197591);
INSERT INTO BossDeathsInRun VALUES(186,30,44,3,1708120003171);
INSERT INTO BossDeathsInRun VALUES(187,30,45,12,1708120025366);
INSERT INTO BossDeathsInRun VALUES(188,30,46,1,1708120056357);
INSERT INTO BossDeathsInRun VALUES(189,30,47,5,1708120128368);
INSERT INTO BossDeathsInRun VALUES(190,30,48,12,1708120274861);
INSERT INTO BossDeathsInRun VALUES(191,30,49,0,1708120287308);
INSERT INTO BossDeathsInRun VALUES(192,30,50,0,1708120324792);
INSERT INTO BossDeathsInRun VALUES(193,30,51,0,1708120362899);
INSERT INTO BossDeathsInRun VALUES(194,30,52,6,1708120375494);
INSERT INTO BossDeathsInRun VALUES(195,30,53,0,1708120385414);
INSERT INTO BossDeathsInRun VALUES(196,30,54,4,1708120438219);
INSERT INTO BossDeathsInRun VALUES(197,30,55,1,1708120497927);
INSERT INTO BossDeathsInRun VALUES(198,30,56,1,1708120507943);
INSERT INTO BossDeathsInRun VALUES(199,30,57,0,1708120535252);
INSERT INTO BossDeathsInRun VALUES(200,30,58,7,1708120552280);
INSERT INTO BossDeathsInRun VALUES(201,30,59,25,1708120664539);
INSERT INTO BossDeathsInRun VALUES(202,30,61,1,1708120719801);
INSERT INTO BossDeathsInRun VALUES(204,30,62,0,1708120730614);
INSERT INTO BossDeathsInRun VALUES(205,30,63,1,1708120741225);
INSERT INTO BossDeathsInRun VALUES(206,30,64,7,1708120751466);
INSERT INTO BossDeathsInRun VALUES(207,30,65,0,1708120766911);
INSERT INTO BossDeathsInRun VALUES(208,30,66,0,1708120885148);
INSERT INTO BossDeathsInRun VALUES(209,30,67,24,1708120898162);
INSERT INTO BossDeathsInRun VALUES(210,30,68,1,1708120954785);
INSERT INTO BossDeathsInRun VALUES(211,30,69,3,1708121059237);
INSERT INTO BossDeathsInRun VALUES(212,30,70,4,1708121090423);
INSERT INTO BossDeathsInRun VALUES(213,30,71,3,1708121102069);
INSERT INTO BossDeathsInRun VALUES(214,30,73,21,1708121120406);
INSERT INTO BossDeathsInRun VALUES(215,30,74,12,1708121144396);
INSERT INTO BossDeathsInRun VALUES(216,30,75,9,1708121248843);
INSERT INTO BossDeathsInRun VALUES(217,30,76,1,1708121507334);
INSERT INTO BossDeathsInRun VALUES(218,30,77,7,1708121518934);
INSERT INTO BossDeathsInRun VALUES(219,30,78,6,1708121543079);
INSERT INTO BossDeathsInRun VALUES(220,30,79,8,1708121646552);
INSERT INTO BossDeathsInRun VALUES(221,30,80,4,1708121775209);
INSERT INTO BossDeathsInRun VALUES(222,30,81,0,1708121898922);
INSERT INTO BossDeathsInRun VALUES(223,30,82,0,1708122037290);
INSERT INTO BossDeathsInRun VALUES(224,30,83,0,1708122048231);
INSERT INTO BossDeathsInRun VALUES(225,37,84,0,1708122246317);
INSERT INTO BossDeathsInRun VALUES(226,37,85,0,1708122253734);
INSERT INTO BossDeathsInRun VALUES(227,37,86,0,1708122388413);
INSERT INTO BossDeathsInRun VALUES(228,37,87,1,1708122461028);
INSERT INTO BossDeathsInRun VALUES(229,37,88,1,1708122545329);
INSERT INTO BossDeathsInRun VALUES(230,37,89,0,1708122555380);
INSERT INTO BossDeathsInRun VALUES(231,37,90,0,1708122692348);
INSERT INTO BossDeathsInRun VALUES(232,37,91,0,1708122799594);
INSERT INTO BossDeathsInRun VALUES(233,37,92,4,1708122812313);
INSERT INTO BossDeathsInRun VALUES(234,37,93,4,1708123499018);
INSERT INTO BossDeathsInRun VALUES(235,37,94,1,1708123554346);
INSERT INTO BossDeathsInRun VALUES(236,37,95,0,1708123570444);
INSERT INTO BossDeathsInRun VALUES(238,37,96,0,1708123582342);
INSERT INTO BossDeathsInRun VALUES(239,37,97,3,1708123616371);
INSERT INTO BossDeathsInRun VALUES(240,37,98,3,1708123629173);
INSERT INTO BossDeathsInRun VALUES(241,37,99,1,1708123638961);
INSERT INTO BossDeathsInRun VALUES(242,35,191,11,1708192935066);
INSERT INTO BossDeathsInRun VALUES(243,37,100,8,1708123650616);
INSERT INTO BossDeathsInRun VALUES(244,37,101,0,1708123659572);
INSERT INTO BossDeathsInRun VALUES(245,37,102,2,1708123676145);
INSERT INTO BossDeathsInRun VALUES(246,37,103,0,1708123680797);
INSERT INTO BossDeathsInRun VALUES(247,37,104,7,1708123690912);
INSERT INTO BossDeathsInRun VALUES(248,37,105,0,1708123702402);
INSERT INTO BossDeathsInRun VALUES(249,37,106,8,1708123723348);
INSERT INTO BossDeathsInRun VALUES(250,37,107,4,1718832104764);
INSERT INTO BossDeathsInRun VALUES(251,36,86,4,1708125170236);
INSERT INTO BossDeathsInRun VALUES(252,36,87,1,1708125181233);
INSERT INTO BossDeathsInRun VALUES(253,36,88,12,1708444399068);
INSERT INTO BossDeathsInRun VALUES(254,35,192,11,1708194996556);
INSERT INTO BossDeathsInRun VALUES(255,38,151,0,1708353915454);
INSERT INTO BossDeathsInRun VALUES(256,38,147,2,1708354818604);
INSERT INTO BossDeathsInRun VALUES(257,36,89,0,1708378194732);
INSERT INTO BossDeathsInRun VALUES(258,36,91,0,1708444419076);
INSERT INTO BossDeathsInRun VALUES(259,36,90,1,1708444436835);
INSERT INTO BossDeathsInRun VALUES(260,38,148,1,1708455264870);
INSERT INTO BossDeathsInRun VALUES(261,38,149,0,1708553262164);
INSERT INTO BossDeathsInRun VALUES(262,38,150,0,1708553287976);
INSERT INTO BossDeathsInRun VALUES(263,32,143,51,NULL);
INSERT INTO BossDeathsInRun VALUES(264,38,152,0,1708731229691);
INSERT INTO BossDeathsInRun VALUES(265,39,151,20,1708797354447);
INSERT INTO BossDeathsInRun VALUES(266,38,153,10,1708824327850);
INSERT INTO BossDeathsInRun VALUES(267,38,156,0,1708824376188);
INSERT INTO BossDeathsInRun VALUES(268,38,157,0,1708901499847);
INSERT INTO BossDeathsInRun VALUES(269,39,147,22,1709062388758);
INSERT INTO BossDeathsInRun VALUES(270,39,148,17,1709322356676);
INSERT INTO BossDeathsInRun VALUES(271,39,158,17,1709985225967);
INSERT INTO BossDeathsInRun VALUES(272,39,149,4,1710279454898);
INSERT INTO BossDeathsInRun VALUES(273,39,150,3,1710359177292);
INSERT INTO BossDeathsInRun VALUES(274,40,151,2,1710523728498);
INSERT INTO BossDeathsInRun VALUES(275,40,147,1,1710523676208);
INSERT INTO BossDeathsInRun VALUES(276,40,147,1,1710523676208);
INSERT INTO BossDeathsInRun VALUES(277,40,148,4,1710523707438);
INSERT INTO BossDeathsInRun VALUES(278,40,154,6,1710526330030);
INSERT INTO BossDeathsInRun VALUES(279,39,156,3,1710538080454);
INSERT INTO BossDeathsInRun VALUES(280,39,152,1,1710597850609);
INSERT INTO BossDeathsInRun VALUES(281,39,153,15,1711208285598);
INSERT INTO BossDeathsInRun VALUES(282,39,154,0,1710874929751);
INSERT INTO BossDeathsInRun VALUES(283,41,151,0,1710935292235);
INSERT INTO BossDeathsInRun VALUES(284,41,147,3,1710937419126);
INSERT INTO BossDeathsInRun VALUES(285,41,147,3,1710937419126);
INSERT INTO BossDeathsInRun VALUES(286,41,148,1,1710946334535);
INSERT INTO BossDeathsInRun VALUES(287,39,163,72,1711304921194);
INSERT INTO BossDeathsInRun VALUES(288,39,155,0,1711210388643);
INSERT INTO BossDeathsInRun VALUES(289,39,159,28,1711398883000);
INSERT INTO BossDeathsInRun VALUES(290,39,164,1,1711562116814);
INSERT INTO BossDeathsInRun VALUES(291,39,165,4,1711572033742);
INSERT INTO BossDeathsInRun VALUES(292,39,160,1,1711567616740);
INSERT INTO BossDeathsInRun VALUES(293,39,162,4,1711576358673);
INSERT INTO BossDeathsInRun VALUES(294,39,166,7,1711579035368);
INSERT INTO BossDeathsInRun VALUES(295,39,167,10,1711628505440);
INSERT INTO BossDeathsInRun VALUES(296,39,168,4,1711740904879);
INSERT INTO BossDeathsInRun VALUES(297,39,171,30,1713640388166);
INSERT INTO BossDeathsInRun VALUES(298,39,175,41,1714330600628);
INSERT INTO BossDeathsInRun VALUES(299,39,169,2,1712082678628);
INSERT INTO BossDeathsInRun VALUES(300,39,170,21,NULL);
INSERT INTO BossDeathsInRun VALUES(301,39,172,17,1714332615518);
INSERT INTO BossDeathsInRun VALUES(302,39,173,6,1714334157857);
INSERT INTO BossDeathsInRun VALUES(303,39,176,17,1714593804502);
INSERT INTO BossDeathsInRun VALUES(304,39,177,37,NULL);
INSERT INTO BossDeathsInRun VALUES(305,42,147,19,1718044205023);
INSERT INTO BossDeathsInRun VALUES(306,42,148,5,1718044223749);
INSERT INTO BossDeathsInRun VALUES(307,42,149,2,1718044433651);
INSERT INTO BossDeathsInRun VALUES(308,42,150,5,1718044460604);
INSERT INTO BossDeathsInRun VALUES(309,42,151,4,1718044477780);
INSERT INTO BossDeathsInRun VALUES(310,42,152,10,1718044490414);
INSERT INTO BossDeathsInRun VALUES(311,42,153,28,1718044518291);
INSERT INTO BossDeathsInRun VALUES(312,42,154,1,1718044563440);
INSERT INTO BossDeathsInRun VALUES(314,42,155,0,1718044574926);
INSERT INTO BossDeathsInRun VALUES(315,42,156,1,1718044590409);
INSERT INTO BossDeathsInRun VALUES(316,42,157,1,1718044653571);
INSERT INTO BossDeathsInRun VALUES(317,43,147,63,1718134569585);
INSERT INTO BossDeathsInRun VALUES(318,43,148,26,1718827968707);
INSERT INTO BossDeathsInRun VALUES(320,43,151,0,1718474993024);
INSERT INTO BossDeathsInRun VALUES(321,43,152,9,1718562919715);
INSERT INTO BossDeathsInRun VALUES(322,38,170,49,NULL);
INSERT INTO BossDeathsInRun VALUES(323,44,193,22,1718927150823);
INSERT INTO BossDeathsInRun VALUES(324,38,193,5,1718932756724);
INSERT INTO BossDeathsInRun VALUES(325,38,194,20,1718982982391);
INSERT INTO BossDeathsInRun VALUES(326,45,193,0,1718989957782);
INSERT INTO BossDeathsInRun VALUES(327,44,194,16,1718996924708);
INSERT INTO BossDeathsInRun VALUES(328,42,158,0,1719000285695);
INSERT INTO BossDeathsInRun VALUES(329,42,159,3,1719000303644);
INSERT INTO BossDeathsInRun VALUES(330,42,160,0,1719000322024);
INSERT INTO BossDeathsInRun VALUES(331,42,161,2,1719000343806);
INSERT INTO BossDeathsInRun VALUES(332,42,162,12,1719000358013);
INSERT INTO BossDeathsInRun VALUES(333,42,163,2,1719000399826);
INSERT INTO BossDeathsInRun VALUES(334,42,164,1,1719000419887);
INSERT INTO BossDeathsInRun VALUES(336,42,165,0,1719000447726);
INSERT INTO BossDeathsInRun VALUES(337,42,166,0,1719000463210);
INSERT INTO BossDeathsInRun VALUES(338,42,167,10,1719000496877);
INSERT INTO BossDeathsInRun VALUES(339,42,168,0,1719000514188);
INSERT INTO BossDeathsInRun VALUES(340,42,169,1,1719000525535);
INSERT INTO BossDeathsInRun VALUES(341,42,170,225,1719000580355);
INSERT INTO BossDeathsInRun VALUES(342,42,171,0,1719000608311);
INSERT INTO BossDeathsInRun VALUES(343,42,172,1,1719000619456);
INSERT INTO BossDeathsInRun VALUES(344,42,175,69,1719000629708);
INSERT INTO BossDeathsInRun VALUES(345,42,174,1,1719000669697);
INSERT INTO BossDeathsInRun VALUES(346,42,173,14,1719000690734);
INSERT INTO BossDeathsInRun VALUES(347,42,176,34,1719000726077);
INSERT INTO BossDeathsInRun VALUES(348,42,177,8,1719000791931);
INSERT INTO BossDeathsInRun VALUES(349,42,193,2,1719000799247);
INSERT INTO BossDeathsInRun VALUES(350,42,194,125,1719054802622);
INSERT INTO BossDeathsInRun VALUES(351,43,156,6,NULL);
INSERT INTO BossDeathsInRun VALUES(352,44,196,119,1719940842913);
INSERT INTO BossDeathsInRun VALUES(353,45,194,14,1719055680947);
INSERT INTO BossDeathsInRun VALUES(354,38,197,25,1719066673985);
INSERT INTO BossDeathsInRun VALUES(355,38,196,31,1719103706833);
INSERT INTO BossDeathsInRun VALUES(356,38,201,28,1719082236576);
INSERT INTO BossDeathsInRun VALUES(357,45,198,3,1719083435211);
INSERT INTO BossDeathsInRun VALUES(358,44,197,62,1719093104929);
INSERT INTO BossDeathsInRun VALUES(359,45,201,6,1719087068422);
INSERT INTO BossDeathsInRun VALUES(360,45,195,32,1719090829669);
INSERT INTO BossDeathsInRun VALUES(361,38,195,9,1719096590425);
INSERT INTO BossDeathsInRun VALUES(362,45,197,14,1719098811306);
INSERT INTO BossDeathsInRun VALUES(363,38,200,9,1719101757491);
INSERT INTO BossDeathsInRun VALUES(364,45,196,41,1719147123912);
INSERT INTO BossDeathsInRun VALUES(365,45,200,0,1719149265517);
INSERT INTO BossDeathsInRun VALUES(366,42,195,14,1719153185728);
INSERT INTO BossDeathsInRun VALUES(367,45,199,12,1719156818390);
INSERT INTO BossDeathsInRun VALUES(368,44,198,2,1719955704287);
INSERT INTO BossDeathsInRun VALUES(369,45,202,84,1719261234013);
INSERT INTO BossDeathsInRun VALUES(370,38,199,2,1719179399596);
INSERT INTO BossDeathsInRun VALUES(371,38,198,0,1719183486891);
INSERT INTO BossDeathsInRun VALUES(372,38,202,173,1719274384854);
INSERT INTO BossDeathsInRun VALUES(373,46,193,2,1719259782234);
INSERT INTO BossDeathsInRun VALUES(374,46,194,94,1719259812237);
INSERT INTO BossDeathsInRun VALUES(375,46,195,12,1719259829773);
INSERT INTO BossDeathsInRun VALUES(376,46,196,6,1719259859674);
INSERT INTO BossDeathsInRun VALUES(377,46,197,1,1719259875972);
INSERT INTO BossDeathsInRun VALUES(378,46,198,5,1719259902662);
INSERT INTO BossDeathsInRun VALUES(379,46,199,2,1719259914786);
INSERT INTO BossDeathsInRun VALUES(380,46,200,0,1719259962908);
INSERT INTO BossDeathsInRun VALUES(381,46,201,34,1719260010590);
INSERT INTO BossDeathsInRun VALUES(382,46,202,305,1719397294287);
INSERT INTO BossDeathsInRun VALUES(383,46,202,305,1719397294287);
INSERT INTO BossDeathsInRun VALUES(384,42,197,14,1719324904823);
INSERT INTO BossDeathsInRun VALUES(385,42,201,41,1719324921586);
INSERT INTO BossDeathsInRun VALUES(386,46,204,24,1719341063309);
INSERT INTO BossDeathsInRun VALUES(387,38,204,34,1719359745495);
INSERT INTO BossDeathsInRun VALUES(388,42,196,17,1719401549716);
INSERT INTO BossDeathsInRun VALUES(389,42,200,1,1719401566187);
INSERT INTO BossDeathsInRun VALUES(390,42,199,1,1719405866713);
INSERT INTO BossDeathsInRun VALUES(391,42,198,0,1719405877254);
INSERT INTO BossDeathsInRun VALUES(392,42,204,6,1719409290341);
INSERT INTO BossDeathsInRun VALUES(393,42,204,6,1719409290341);
INSERT INTO BossDeathsInRun VALUES(394,42,204,6,1719409290341);
INSERT INTO BossDeathsInRun VALUES(395,45,204,149,1719416760855);
INSERT INTO BossDeathsInRun VALUES(396,42,202,150,1719712059516);
INSERT INTO BossDeathsInRun VALUES(397,44,195,21,1719857245619);
INSERT INTO BossDeathsInRun VALUES(398,44,200,10,1719955500099);
INSERT INTO BossDeathsInRun VALUES(399,48,147,0,1719774628873);
INSERT INTO BossDeathsInRun VALUES(400,48,151,0,1719780422888);
INSERT INTO BossDeathsInRun VALUES(402,44,201,48,1719917587254);
INSERT INTO BossDeathsInRun VALUES(403,44,199,2,1719940489488);
INSERT INTO BossDeathsInRun VALUES(404,44,204,11,1720002287741);
CREATE TABLE IF NOT EXISTS `BossesCopy` (
`boss_id` integer PRIMARY KEY AUTOINCREMENT NOT NULL,
`boss_name` text NOT NULL,
`boss_optional` numeric,
`boss_dlc` numeric,
`boss_game` integer NOT NULL,
FOREIGN KEY (`boss_dlc`) REFERENCES `DLC`(`dlc_id`) ON UPDATE no action ON DELETE no action,
FOREIGN KEY (`boss_game`) REFERENCES `Games`(`game_id`) ON UPDATE no action ON DELETE no action
);
INSERT INTO BossesCopy VALUES(1,'Phalanx',0,NULL,1);
INSERT INTO BossesCopy VALUES(2,'Tower Knight',0,NULL,1);
INSERT INTO BossesCopy VALUES(3,'Armor Spider',0,NULL,1);
INSERT INTO BossesCopy VALUES(4,'Flamelurker',0,NULL,1);
INSERT INTO BossesCopy VALUES(5,'Adjudicator',0,NULL,1);
INSERT INTO BossesCopy VALUES(6,'Fool''s Idol',0,NULL,1);
INSERT INTO BossesCopy VALUES(7,'Dragon God',0,NULL,1);
INSERT INTO BossesCopy VALUES(8,'Leechmonger',0,NULL,1);
INSERT INTO BossesCopy VALUES(9,'Old Hero',0,NULL,1);
INSERT INTO BossesCopy VALUES(10,'Maneater',0,NULL,1);
INSERT INTO BossesCopy VALUES(11,'Penetrator',0,NULL,1);
INSERT INTO BossesCopy VALUES(12,'Storm King',0,NULL,1);
INSERT INTO BossesCopy VALUES(13,'Old Monk',0,NULL,1);
INSERT INTO BossesCopy VALUES(14,'Dirty Colossus',0,NULL,1);
INSERT INTO BossesCopy VALUES(15,'Maiden Astraea',0,NULL,1);
INSERT INTO BossesCopy VALUES(16,'Old King Allant',0,NULL,1);
INSERT INTO BossesCopy VALUES(17,'Asylum Demon',0,NULL,2);
INSERT INTO BossesCopy VALUES(18,'Taurus Demon',0,NULL,2);
INSERT INTO BossesCopy VALUES(19,'Bell Gargoyle',0,NULL,2);
INSERT INTO BossesCopy VALUES(20,'Capra Demon',0,NULL,2);
INSERT INTO BossesCopy VALUES(21,'Gaping Dragon',0,NULL,2);
INSERT INTO BossesCopy VALUES(22,'Quelaag',0,NULL,2);
INSERT INTO BossesCopy VALUES(23,'Iron Golem',0,NULL,2);
INSERT INTO BossesCopy VALUES(24,'Ornstein and Smough',0,NULL,2);
INSERT INTO BossesCopy VALUES(25,'Sif',0,NULL,2);
INSERT INTO BossesCopy VALUES(26,'Four Kings',0,NULL,2);
INSERT INTO BossesCopy VALUES(27,'Seath the Scaleless',0,NULL,2);
INSERT INTO BossesCopy VALUES(28,'Gravelord Nito',0,NULL,2);
INSERT INTO BossesCopy VALUES(29,'Bed of Chaos',0,NULL,2);
INSERT INTO BossesCopy VALUES(30,'Gwyn, Lord of Cinder',0,NULL,2);
INSERT INTO BossesCopy VALUES(31,'Moonlight Butterfly',1,NULL,2);
INSERT INTO BossesCopy VALUES(32,'Stray Demon',1,NULL,2);
INSERT INTO BossesCopy VALUES(33,'Dark Sun Gwyndolin',1,NULL,2);
INSERT INTO BossesCopy VALUES(34,'Crossbreed Priscilla',1,NULL,2);
INSERT INTO BossesCopy VALUES(35,'Ceaseless Discharge',1,NULL,2);
INSERT INTO BossesCopy VALUES(36,'Centipede Demon',1,NULL,2);
INSERT INTO BossesCopy VALUES(37,'Demon Firesage',1,NULL,2);
INSERT INTO BossesCopy VALUES(38,'Knight Artorias',0,1,2);
INSERT INTO BossesCopy VALUES(39,'Sanctuary Guardian',0,1,2);
INSERT INTO BossesCopy VALUES(40,'Manus, Father of the Abyss',0,1,2);
INSERT INTO BossesCopy VALUES(41,'Black Dragon Kalameet',0,1,2);
INSERT INTO BossesCopy VALUES(42,'Last Giant',1,NULL,3);
INSERT INTO BossesCopy VALUES(43,'The Pursuer',1,NULL,3);
INSERT INTO BossesCopy VALUES(44,'Dragonrider',1,NULL,3);
INSERT INTO BossesCopy VALUES(45,'Ruin Sentinels',1,NULL,3);
INSERT INTO BossesCopy VALUES(46,'Lost Sinner',1,NULL,3);
INSERT INTO BossesCopy VALUES(47,'Old Dragonslayer',1,NULL,3);
INSERT INTO BossesCopy VALUES(48,'Executioner''s Chariot',1,NULL,3);
INSERT INTO BossesCopy VALUES(49,'Skeleton Lords',1,NULL,3);
INSERT INTO BossesCopy VALUES(50,'Covetous Demon',1,NULL,3);
INSERT INTO BossesCopy VALUES(51,'Mytha, the Baneful Queen',1,NULL,3);
INSERT INTO BossesCopy VALUES(52,'Smelter Demon',1,NULL,3);
INSERT INTO BossesCopy VALUES(53,'Old Iron King',1,NULL,3);
INSERT INTO BossesCopy VALUES(54,'Flexile Sentry',1,NULL,3);
INSERT INTO BossesCopy VALUES(55,'Belfry Gargoyles',1,NULL,3);
INSERT INTO BossesCopy VALUES(56,'Royal Rat Vanguard',1,NULL,3);
INSERT INTO BossesCopy VALUES(57,'The Rotten',1,NULL,3);
INSERT INTO BossesCopy VALUES(58,'Scorpioness Najka',1,NULL,3);
INSERT INTO BossesCopy VALUES(59,'Royal Rat Authority',1,NULL,3);
INSERT INTO BossesCopy VALUES(60,'Covetous Demon',1,NULL,3);
INSERT INTO BossesCopy VALUES(61,'The Duke''s Dear Freja',1,NULL,3);
INSERT INTO BossesCopy VALUES(62,'Dragonrider x2',1,NULL,3);
INSERT INTO BossesCopy VALUES(63,'Looking Glass Knight',0,NULL,3);
INSERT INTO BossesCopy VALUES(64,'Demon of Song',0,NULL,3);
INSERT INTO BossesCopy VALUES(65,'Vestaldt, the Royal Aegis',0,NULL,3);
INSERT INTO BossesCopy VALUES(66,'Guardian Dragon',0,NULL,3);
INSERT INTO BossesCopy VALUES(67,'Ancient Dragon',0,NULL,3);
INSERT INTO BossesCopy VALUES(68,'Giant Lord',0,NULL,3);
INSERT INTO BossesCopy VALUES(69,'Elana, the Squalid Queen',1,3,3);
INSERT INTO BossesCopy VALUES(70,'Sinh, the Slumbering Dragon',1,3,3);
INSERT INTO BossesCopy VALUES(71,'The Graverobber, Varg, and Cerah',1,3,3);
INSERT INTO BossesCopy VALUES(73,'Fume Knight',1,4,3);
INSERT INTO BossesCopy VALUES(74,'Sir Alonne',1,4,3);
INSERT INTO BossesCopy VALUES(75,'Smelter Demon (Blue)',1,4,3);
INSERT INTO BossesCopy VALUES(76,'Aava, the King''s Pet',1,5,3);
INSERT INTO BossesCopy VALUES(77,'Burnt Ivory King',1,5,3);
INSERT INTO BossesCopy VALUES(78,'Lud and Zallen, The King''s Pets',1,5,3);
INSERT INTO BossesCopy VALUES(79,'Darklurker',1,NULL,3);
INSERT INTO BossesCopy VALUES(80,'King Vendrick',0,NULL,3);
INSERT INTO BossesCopy VALUES(81,'Throne Watcher & Throne Defender',0,NULL,3);
INSERT INTO BossesCopy VALUES(82,'Nashandra',0,NULL,3);
INSERT INTO BossesCopy VALUES(83,'Aldia, Scholar of the First Sin',1,NULL,3);
INSERT INTO BossesCopy VALUES(84,'Iudex Gundyr',0,NULL,4);
INSERT INTO BossesCopy VALUES(85,'Vordt of the Boreal Valley',0,NULL,4);
INSERT INTO BossesCopy VALUES(86,'Curse-rotted Greatwood',1,NULL,4);
INSERT INTO BossesCopy VALUES(87,'Crystal Sage',0,NULL,4);
INSERT INTO BossesCopy VALUES(88,'Abyss Watchers',0,NULL,4);
INSERT INTO BossesCopy VALUES(89,'Deacons of the Deep',0,NULL,4);
INSERT INTO BossesCopy VALUES(90,'High Lord Wolnir',0,NULL,4);
INSERT INTO BossesCopy VALUES(91,'Old Demon King',1,NULL,4);
INSERT INTO BossesCopy VALUES(92,'Pontiff Sulyvahn',0,NULL,4);
INSERT INTO BossesCopy VALUES(93,'Aldrich, Devourer of Gods',0,NULL,4);
INSERT INTO BossesCopy VALUES(94,'Yhorm the Giant',0,NULL,4);
INSERT INTO BossesCopy VALUES(95,'Dancer of the Boreal Valley',0,NULL,4);
INSERT INTO BossesCopy VALUES(96,'Oceiros, the Consumed King',1,NULL,4);
INSERT INTO BossesCopy VALUES(97,'Champion Gundyr',1,NULL,4);
INSERT INTO BossesCopy VALUES(98,'Lothric, Younger Prince',0,NULL,4);
INSERT INTO BossesCopy VALUES(99,'Ancient Wyvern',1,NULL,4);
INSERT INTO BossesCopy VALUES(100,'The Nameless King',1,NULL,4);
INSERT INTO BossesCopy VALUES(101,'Soul of Cinder',0,NULL,4);
INSERT INTO BossesCopy VALUES(102,'Champion''s Gravetender and Gravetender Greatwolf',1,6,4);
INSERT INTO BossesCopy VALUES(103,'Sister Friede',0,6,4);
INSERT INTO BossesCopy VALUES(104,'Demon in Pain & Demon from Below',0,7,4);
INSERT INTO BossesCopy VALUES(105,'Halflight, Spear of the Church',0,7,4);
INSERT INTO BossesCopy VALUES(106,'Darkeater Midir',1,7,4);
INSERT INTO BossesCopy VALUES(107,'Slave Knight Gael',0,7,4);
INSERT INTO BossesCopy VALUES(108,'Cleric Beast',1,NULL,5);
INSERT INTO BossesCopy VALUES(109,'Father Gascoigne',0,NULL,5);
INSERT INTO BossesCopy VALUES(110,'Blood-starved Beast',1,NULL,5);
INSERT INTO BossesCopy VALUES(111,'Witches of Hemwick',1,NULL,5);
INSERT INTO BossesCopy VALUES(112,'Darkbeast Paarl',1,NULL,5);
INSERT INTO BossesCopy VALUES(113,'Vicar Amelia',0,NULL,5);
INSERT INTO BossesCopy VALUES(114,'Shadows of Yharnam',0,NULL,5);
INSERT INTO BossesCopy VALUES(115,'Rom, the Vacuous Spider',0,NULL,5);
INSERT INTO BossesCopy VALUES(116,'The One Reborn',0,NULL,5);
INSERT INTO BossesCopy VALUES(117,'Micolash, Host of the Nightmare',0,NULL,5);
INSERT INTO BossesCopy VALUES(118,'Martyr Logarius',1,NULL,5);
INSERT INTO BossesCopy VALUES(119,'Celestial Emissary',1,NULL,5);
INSERT INTO BossesCopy VALUES(120,'Ebrietas, Daughter of the Cosmos',1,NULL,5);
INSERT INTO BossesCopy VALUES(121,'Mergo''s Wet Nurse',0,NULL,5);
INSERT INTO BossesCopy VALUES(122,'Gehrman, the First Hunter',1,NULL,5);
INSERT INTO BossesCopy VALUES(123,'Moon Presence',1,NULL,5);
INSERT INTO BossesCopy VALUES(124,'Amygdala',1,NULL,5);
INSERT INTO BossesCopy VALUES(125,'Ludwig, the Accursed & Holy Blade',0,2,5);
INSERT INTO BossesCopy VALUES(126,'Laurence, the First Vicar',1,2,5);
INSERT INTO BossesCopy VALUES(127,'Living Failures',0,2,5);
INSERT INTO BossesCopy VALUES(128,'Lady Maria of the Astral Clocktower',0,2,5);
INSERT INTO BossesCopy VALUES(129,'Orphan of Kos',0,2,5);
INSERT INTO BossesCopy VALUES(130,'Gyoubu Masataka Oniwa',NULL,NULL,6);
INSERT INTO BossesCopy VALUES(131,'Lady Butterfly',NULL,NULL,6);
INSERT INTO BossesCopy VALUES(132,'Genichiro Ashina',NULL,NULL,6);
INSERT INTO BossesCopy VALUES(133,'Folding Screen Monkeys',NULL,NULL,6);
INSERT INTO BossesCopy VALUES(134,'Guardian Ape',NULL,NULL,6);
INSERT INTO BossesCopy VALUES(135,'Headless Ape',NULL,NULL,6);
INSERT INTO BossesCopy VALUES(136,'Corrupted Monk',NULL,NULL,6);
INSERT INTO BossesCopy VALUES(137,'Isshin Ashina',NULL,NULL,6);
INSERT INTO BossesCopy VALUES(138,'Great Shinobi Owl',NULL,NULL,6);
INSERT INTO BossesCopy VALUES(139,'True Corrupted Monk',NULL,NULL,6);
INSERT INTO BossesCopy VALUES(140,'Divine Dragon',NULL,NULL,6);
INSERT INTO BossesCopy VALUES(141,'Owl (Father)',NULL,NULL,6);
INSERT INTO BossesCopy VALUES(142,'Demon of Hatred',NULL,NULL,6);
INSERT INTO BossesCopy VALUES(143,'Isshin, the Sword Saint',NULL,NULL,6);
INSERT INTO BossesCopy VALUES(144,'Inner Father',NULL,NULL,6);
INSERT INTO BossesCopy VALUES(145,'Inner Genichiro',NULL,NULL,6);
INSERT INTO BossesCopy VALUES(146,'Inner Isshin',NULL,NULL,6);
INSERT INTO BossesCopy VALUES(147,'Margit the Fell Omen',NULL,NULL,7);
INSERT INTO BossesCopy VALUES(148,'Godrick the Grafted',NULL,NULL,7);
INSERT INTO BossesCopy VALUES(149,'Red Wolf of Radagon',NULL,NULL,7);
INSERT INTO BossesCopy VALUES(150,'Rennala, Queen of the Full Moon',NULL,NULL,7);
INSERT INTO BossesCopy VALUES(151,'Leonine Misbegotten (Castle Morne)',NULL,NULL,7);
INSERT INTO BossesCopy VALUES(152,'Ancestor Spirit',NULL,NULL,7);
INSERT INTO BossesCopy VALUES(153,'Starscourge Radahn',NULL,NULL,7);
INSERT INTO BossesCopy VALUES(154,'Magma Wyrm Makar',NULL,NULL,7);
INSERT INTO BossesCopy VALUES(155,'Mimic Tear (Nokron, Eternal City)',NULL,NULL,7);
INSERT INTO BossesCopy VALUES(156,'Royal Knight Loretta',NULL,NULL,7);
INSERT INTO BossesCopy VALUES(157,'Regal Ancestor Spirit',NULL,NULL,7);
INSERT INTO BossesCopy VALUES(158,'Dragonkin Soldier of Nokstella',NULL,NULL,7);
INSERT INTO BossesCopy VALUES(159,'Valiant Gargoyles',NULL,NULL,7);
INSERT INTO BossesCopy VALUES(160,'Astel, Naturalborn of the Void',NULL,NULL,7);
INSERT INTO BossesCopy VALUES(161,'Godskin Noble (Volcano Manor)',NULL,NULL,7);
INSERT INTO BossesCopy VALUES(162,'Rykard, Lord of Blasphemy',NULL,NULL,7);
INSERT INTO BossesCopy VALUES(163,'Elemer of the Briar',NULL,NULL,7);
INSERT INTO BossesCopy VALUES(164,'Godfrey, First Elden Lord (Golden Shade)',NULL,NULL,7);
INSERT INTO BossesCopy VALUES(165,'Morgott the Omen King',NULL,NULL,7);
INSERT INTO BossesCopy VALUES(166,'Mohg, the Omen',NULL,NULL,7);
INSERT INTO BossesCopy VALUES(167,'Commander Niall',NULL,NULL,7);
INSERT INTO BossesCopy VALUES(168,'Fire Giant',NULL,NULL,7);
INSERT INTO BossesCopy VALUES(169,'Loretta, Knight of the Haligtree',NULL,NULL,7);
INSERT INTO BossesCopy VALUES(170,'Malenia, Blade of Miquella',NULL,NULL,7);
INSERT INTO BossesCopy VALUES(171,'Godskin Duo',NULL,NULL,7);
INSERT INTO BossesCopy VALUES(172,'Dragonlord Placidusax',NULL,NULL,7);
INSERT INTO BossesCopy VALUES(173,'Maliketh, the Black Blade',NULL,NULL,7);
INSERT INTO BossesCopy VALUES(174,'Lichdragon Fortissax',NULL,NULL,7);
INSERT INTO BossesCopy VALUES(175,'Mohg, Lord of Blood',NULL,NULL,7);
INSERT INTO BossesCopy VALUES(176,'Hoarah Loux, Warrior',NULL,NULL,7);
INSERT INTO BossesCopy VALUES(177,'Radagon of the Golden Order / Elden Beast',0,NULL,7);
CREATE TABLE IF NOT EXISTS `BossRatings` (
`rating_id` INTEGER PRIMARY KEY AUTOINCREMENT NOT NULL,
`user_id` INTEGER NOT NULL,
`boss_id` INTEGER NOT NULL,
`enjoyment_rating` INTEGER NOT NULL,
`difficulty_rating` INTEGER NOT NULL, `timestamp` TEXT,
FOREIGN KEY (`user_id`) REFERENCES `User`(`id`) ON UPDATE NO ACTION ON DELETE NO ACTION,
FOREIGN KEY (`boss_id`) REFERENCES `Bosses`(`boss_id`) ON UPDATE NO ACTION ON DELETE NO ACTION
);
INSERT INTO BossRatings VALUES(8,14,92,5,10,'1703087760458');
INSERT INTO BossRatings VALUES(10,16,108,7,4,'1703088916850');
INSERT INTO BossRatings VALUES(11,16,109,8,5,'1703088938407');
INSERT INTO BossRatings VALUES(12,16,110,7,5,'1703088946737');
INSERT INTO BossRatings VALUES(13,16,111,1,1,'1703088956372');
INSERT INTO BossRatings VALUES(14,16,112,6,4,'1703088999664');
INSERT INTO BossRatings VALUES(15,16,113,7,5,'1703089013590');
INSERT INTO BossRatings VALUES(16,16,114,5,5,'1703089022884');
INSERT INTO BossRatings VALUES(17,16,115,3,4,'1703089036616');
INSERT INTO BossRatings VALUES(18,16,116,3,5,'1703089045820');
INSERT INTO BossRatings VALUES(19,16,117,2,3,'1703089055414');
INSERT INTO BossRatings VALUES(20,16,118,8,7,'1703089069274');
INSERT INTO BossRatings VALUES(21,16,119,2,2,'1703089082227');
INSERT INTO BossRatings VALUES(22,16,120,7,8,'1703089090624');
INSERT INTO BossRatings VALUES(23,16,121,6,6,'1703089098641');
INSERT INTO BossRatings VALUES(24,16,122,9,7,'1703089105865');
INSERT INTO BossRatings VALUES(25,16,123,5,5,'1703089112877');
INSERT INTO BossRatings VALUES(26,16,125,10,9,'1703089159337');
INSERT INTO BossRatings VALUES(27,16,126,7,9,'1703089166499');
INSERT INTO BossRatings VALUES(28,16,127,5,7,'1703089177037');
INSERT INTO BossRatings VALUES(29,16,128,9,8,'1703089184268');
INSERT INTO BossRatings VALUES(30,16,129,10,9,'1703089195917');
INSERT INTO BossRatings VALUES(31,16,1,2,1,'1703089342707');
INSERT INTO BossRatings VALUES(32,16,2,6,4,'1703089351176');
INSERT INTO BossRatings VALUES(33,16,3,3,6,'1703089360529');
INSERT INTO BossRatings VALUES(34,16,4,7,7,'1703089369990');
INSERT INTO BossRatings VALUES(35,15,108,8,5,'1703092417635');
INSERT INTO BossRatings VALUES(36,16,5,2,2,'1703089380562');
INSERT INTO BossRatings VALUES(37,16,6,2,3,'1703089390801');
INSERT INTO BossRatings VALUES(38,16,7,1,4,'1703089400235');
INSERT INTO BossRatings VALUES(39,16,8,2,3,'1703089407494');
INSERT INTO BossRatings VALUES(40,16,9,3,4,'1703089419430');
INSERT INTO BossRatings VALUES(41,16,10,6,6,'1703089427469');
INSERT INTO BossRatings VALUES(42,16,11,7,6,'1703089434542');
INSERT INTO BossRatings VALUES(43,16,12,4,3,'1703089446795');
INSERT INTO BossRatings VALUES(44,16,13,3,2,'1703089465991');
INSERT INTO BossRatings VALUES(45,16,14,3,3,'1703089476498');
INSERT INTO BossRatings VALUES(46,16,15,2,2,'1703089507309');
INSERT INTO BossRatings VALUES(47,16,16,8,6,'1703089517868');
INSERT INTO BossRatings VALUES(48,16,17,5,2,'1703089529499');
INSERT INTO BossRatings VALUES(49,16,18,4,3,'1703089534552');
INSERT INTO BossRatings VALUES(50,16,19,6,5,'1703089539442');
INSERT INTO BossRatings VALUES(51,16,20,1,6,'1703089584532');
INSERT INTO BossRatings VALUES(52,16,21,3,4,'1703089591129');
INSERT INTO BossRatings VALUES(53,16,22,5,5,'1703089644211');
INSERT INTO BossRatings VALUES(54,16,23,4,3,'1703089653866');
INSERT INTO BossRatings VALUES(55,16,24,9,8,'1703089660893');
INSERT INTO BossRatings VALUES(56,16,25,6,6,'1703089669545');
INSERT INTO BossRatings VALUES(57,16,26,4,6,'1703089711589');
INSERT INTO BossRatings VALUES(58,16,27,4,3,'1703089719538');
INSERT INTO BossRatings VALUES(59,16,28,2,5,'1703089725464');
INSERT INTO BossRatings VALUES(60,16,29,0,7,'1703089737303');
INSERT INTO BossRatings VALUES(61,16,30,8,7,'1703089805454');
INSERT INTO BossRatings VALUES(62,16,31,1,5,'1703089818038');
INSERT INTO BossRatings VALUES(63,16,32,4,4,'1703089838295');
INSERT INTO BossRatings VALUES(64,16,33,3,5,'1703089846422');
INSERT INTO BossRatings VALUES(65,16,34,5,5,'1703089857654');
INSERT INTO BossRatings VALUES(66,16,35,1,2,'1703089864646');
INSERT INTO BossRatings VALUES(67,16,36,2,3,'1703089974318');
INSERT INTO BossRatings VALUES(68,16,37,4,4,'1703090002254');
INSERT INTO BossRatings VALUES(69,16,38,9,7,'1703090013475');
INSERT INTO BossRatings VALUES(70,16,39,6,6,'1703090019178');
INSERT INTO BossRatings VALUES(71,16,40,8,7,'1703090024019');
INSERT INTO BossRatings VALUES(72,16,41,7,6,'1703090031349');
INSERT INTO BossRatings VALUES(73,16,130,7,5,'1703090069167');
INSERT INTO BossRatings VALUES(74,16,131,7,6,'1703090081971');
INSERT INTO BossRatings VALUES(75,16,132,9,8,'1703090087213');
INSERT INTO BossRatings VALUES(76,16,133,2,1,'1703090095608');
INSERT INTO BossRatings VALUES(77,16,134,8,8,'1703090103241');
INSERT INTO BossRatings VALUES(78,16,135,4,7,'1703090115008');
INSERT INTO BossRatings VALUES(79,16,136,5,6,'1703090120756');
INSERT INTO BossRatings VALUES(80,16,138,7,7,'1703090147657');
INSERT INTO BossRatings VALUES(81,16,139,8,8,'1703090195493');
INSERT INTO BossRatings VALUES(82,16,140,8,4,'1703090203193');
INSERT INTO BossRatings VALUES(83,13,67,0,8,'1703090209116');
INSERT INTO BossRatings VALUES(84,16,141,9,8,'1703090215421');
INSERT INTO BossRatings VALUES(85,16,142,9,9,'1703090225772');
INSERT INTO BossRatings VALUES(86,16,143,10,9,'1703090231088');
INSERT INTO BossRatings VALUES(87,16,147,9,8,'1719774644299');
INSERT INTO BossRatings VALUES(88,16,148,8,6,'1710264561004');
INSERT INTO BossRatings VALUES(89,16,149,5,4,'1708553274462');
INSERT INTO BossRatings VALUES(90,16,150,6,4,'1708553295768');
INSERT INTO BossRatings VALUES(91,16,151,5,5,'1719780434169');
INSERT INTO BossRatings VALUES(92,16,152,5,2,'1708731235843');
INSERT INTO BossRatings VALUES(93,16,153,9,8,'1710264550961');
INSERT INTO BossRatings VALUES(94,16,154,6,5,'1703091376725');
INSERT INTO BossRatings VALUES(95,16,155,3,2,'1703090322774');
INSERT INTO BossRatings VALUES(96,16,156,4,3,'1708824393225');
INSERT INTO BossRatings VALUES(97,16,157,6,5,'1708901513487');
INSERT INTO BossRatings VALUES(98,16,158,5,4,'1703090413784');
INSERT INTO BossRatings VALUES(99,16,159,6,8,'1719108900443');
INSERT INTO BossRatings VALUES(100,16,160,7,5,'1703090427526');
INSERT INTO BossRatings VALUES(101,16,161,5,5,'1703090441066');
INSERT INTO BossRatings VALUES(102,16,162,9,6,'1703090447602');
INSERT INTO BossRatings VALUES(103,15,14,6,3,'1703090448302');
INSERT INTO BossRatings VALUES(104,16,163,7,6,'1703090454094');
INSERT INTO BossRatings VALUES(105,16,164,6,5,'1703090458851');
INSERT INTO BossRatings VALUES(106,16,165,8,5,'1703090465393');
INSERT INTO BossRatings VALUES(107,16,166,6,5,'1703090471221');
INSERT INTO BossRatings VALUES(108,16,167,7,7,'1703090498359');
INSERT INTO BossRatings VALUES(109,16,168,6,5,'1719332724657');
INSERT INTO BossRatings VALUES(110,16,169,7,6,'1703090514635');
INSERT INTO BossRatings VALUES(111,16,170,9,10,'1719235464538');
INSERT INTO BossRatings VALUES(112,16,171,7,8,'1703090559821');
INSERT INTO BossRatings VALUES(113,16,172,7,6,'1703090565017');
INSERT INTO BossRatings VALUES(114,16,173,8,7,'1703090588827');
INSERT INTO BossRatings VALUES(115,16,174,8,7,'1703090595369');
INSERT INTO BossRatings VALUES(116,16,175,9,8,'1703090614611');
INSERT INTO BossRatings VALUES(117,16,176,8,6,'1703090636864');
INSERT INTO BossRatings VALUES(118,16,177,8,8,'1703090670872');
INSERT INTO BossRatings VALUES(119,17,147,6,7,'1703090784810');
INSERT INTO BossRatings VALUES(120,16,84,6,3,'1703090832185');
INSERT INTO BossRatings VALUES(121,17,148,3,6,'1703090833899');
INSERT INTO BossRatings VALUES(122,16,85,5,3,'1703090840535');
INSERT INTO BossRatings VALUES(123,17,149,1,8,'1703090846195');
INSERT INTO BossRatings VALUES(124,16,86,2,4,'1703090846646');
INSERT INTO BossRatings VALUES(125,16,87,2,5,'1703090852288');
INSERT INTO BossRatings VALUES(126,17,150,4,2,'1703090858644');
INSERT INTO BossRatings VALUES(127,16,88,8,7,'1703090858790');
INSERT INTO BossRatings VALUES(128,16,89,1,4,'1703090865600');
INSERT INTO BossRatings VALUES(129,17,151,5,4,'1703090874345');
INSERT INTO BossRatings VALUES(130,16,90,1,3,'1703090874535');
INSERT INTO BossRatings VALUES(131,16,91,5,4,'1703090881569');
INSERT INTO BossRatings VALUES(132,17,152,3,1,'1703090886546');
INSERT INTO BossRatings VALUES(133,16,92,8,8,'1703090887871');
INSERT INTO BossRatings VALUES(134,16,93,4,6,'1703090897226');
INSERT INTO BossRatings VALUES(135,17,153,9,7,'1703090899367');
INSERT INTO BossRatings VALUES(136,16,94,4,2,'1703090904127');
INSERT INTO BossRatings VALUES(137,16,95,8,7,'1703090911802');
INSERT INTO BossRatings VALUES(138,17,154,3,3,'1703090916816');
INSERT INTO BossRatings VALUES(139,16,96,6,5,'1703090919310');
INSERT INTO BossRatings VALUES(140,16,97,7,5,'1703090926465');
INSERT INTO BossRatings VALUES(141,17,155,3,0,'1703090928795');
INSERT INTO BossRatings VALUES(142,16,98,8,6,'1703090931946');
INSERT INTO BossRatings VALUES(143,16,99,1,1,'1703090937547');
INSERT INTO BossRatings VALUES(144,17,156,5,4,'1703090943374');
INSERT INTO BossRatings VALUES(145,16,100,9,8,'1703090948273');
INSERT INTO BossRatings VALUES(146,16,101,8,7,'1703090957297');
INSERT INTO BossRatings VALUES(147,16,102,3,3,'1703090964868');
INSERT INTO BossRatings VALUES(148,16,103,10,9,'1703090979925');
INSERT INTO BossRatings VALUES(149,17,157,5,2,'1703090973864');
INSERT INTO BossRatings VALUES(150,17,158,3,2,'1703090989000');
INSERT INTO BossRatings VALUES(151,16,104,9,8,'1703091005036');
INSERT INTO BossRatings VALUES(152,17,159,5,4,'1703091006328');
INSERT INTO BossRatings VALUES(153,16,105,3,3,'1703091023526');
INSERT INTO BossRatings VALUES(154,16,106,8,8,'1703091034737');
INSERT INTO BossRatings VALUES(155,17,160,8,5,'1703091029755');
INSERT INTO BossRatings VALUES(156,16,107,10,7,'1703091041441');
INSERT INTO BossRatings VALUES(157,17,161,4,4,'1703091092928');
INSERT INTO BossRatings VALUES(158,17,162,8,4,'1703091103223');
INSERT INTO BossRatings VALUES(159,17,163,7,8,'1703091113304');
INSERT INTO BossRatings VALUES(160,17,164,6,6,'1703091124500');
INSERT INTO BossRatings VALUES(161,17,165,9,6,'1703091139888');
INSERT INTO BossRatings VALUES(162,17,166,5,5,'1703091154771');
INSERT INTO BossRatings VALUES(163,17,167,6,9,'1703091169475');
INSERT INTO BossRatings VALUES(164,17,168,2,9,'1703098971934');
INSERT INTO BossRatings VALUES(165,17,169,7,7,'1703091195737');
INSERT INTO BossRatings VALUES(166,17,170,9,10,'1703091220233');
INSERT INTO BossRatings VALUES(167,17,171,4,9,'1703091229771');
INSERT INTO BossRatings VALUES(168,17,172,9,6,'1703091238590');
INSERT INTO BossRatings VALUES(169,17,173,9,7,'1703091245076');
INSERT INTO BossRatings VALUES(170,17,174,6,6,'1703091257238');
INSERT INTO BossRatings VALUES(171,17,175,8,8,'1703091263997');
INSERT INTO BossRatings VALUES(172,17,176,9,5,'1703091270460');
INSERT INTO BossRatings VALUES(173,17,177,7,6,'1703091283964');
INSERT INTO BossRatings VALUES(174,17,1,1,2,'1703091309128');
INSERT INTO BossRatings VALUES(175,17,2,2,2,'1703091315982');
INSERT INTO BossRatings VALUES(176,17,3,4,4,'1703091321995');
INSERT INTO BossRatings VALUES(177,17,4,6,5,'1703091361475');
INSERT INTO BossRatings VALUES(178,17,5,1,1,'1703091367214');
INSERT INTO BossRatings VALUES(179,17,6,0,1,'1703091378042');
INSERT INTO BossRatings VALUES(180,17,7,0,2,'1703091386506');
INSERT INTO BossRatings VALUES(181,17,8,0,1,'1703091393107');
INSERT INTO BossRatings VALUES(182,17,9,5,4,'1703091405474');
INSERT INTO BossRatings VALUES(183,17,10,1,5,'1703091416015');
INSERT INTO BossRatings VALUES(184,17,11,7,6,'1703091422968');
INSERT INTO BossRatings VALUES(185,17,12,5,2,'1703091455140');
INSERT INTO BossRatings VALUES(186,17,13,0,3,'1703091463013');
INSERT INTO BossRatings VALUES(187,17,14,1,2,'1703091517679');
INSERT INTO BossRatings VALUES(188,17,15,1,3,'1703091528795');
INSERT INTO BossRatings VALUES(189,17,16,9,7,'1703091548814');
INSERT INTO BossRatings VALUES(190,17,130,6,2,'1703091600341');
INSERT INTO BossRatings VALUES(191,17,131,9,7,'1703091606764');
INSERT INTO BossRatings VALUES(192,17,132,9,6,'1703091674094');
INSERT INTO BossRatings VALUES(193,17,133,0,1,'1703091684033');
INSERT INTO BossRatings VALUES(194,17,134,8,4,'1703091690926');
INSERT INTO BossRatings VALUES(195,17,135,5,5,'1703091734437');
INSERT INTO BossRatings VALUES(196,17,136,5,6,'1703091740110');
INSERT INTO BossRatings VALUES(197,17,137,7,7,'1703091747800');
INSERT INTO BossRatings VALUES(198,17,138,8,7,'1703091768252');
INSERT INTO BossRatings VALUES(199,17,139,8,6,'1703091775489');
INSERT INTO BossRatings VALUES(200,17,140,5,2,'1703091797955');
INSERT INTO BossRatings VALUES(201,17,141,8,8,'1703091807276');
INSERT INTO BossRatings VALUES(202,17,142,7,9,'1703091813567');
INSERT INTO BossRatings VALUES(203,17,143,10,9,'1703091826411');
INSERT INTO BossRatings VALUES(204,17,42,1,1,'1703096534518');
INSERT INTO BossRatings VALUES(205,17,43,6,5,'1703096543836');
INSERT INTO BossRatings VALUES(206,17,44,2,3,'1703096551871');
INSERT INTO BossRatings VALUES(207,18,42,2,0,'1703096555775');
INSERT INTO BossRatings VALUES(208,17,45,2,6,'1703096560237');
INSERT INTO BossRatings VALUES(209,17,46,4,6,'1703096568209');
INSERT INTO BossRatings VALUES(210,17,47,2,0,'1703096574712');
INSERT INTO BossRatings VALUES(211,18,43,4,5,'1703096577639');
INSERT INTO BossRatings VALUES(212,17,48,2,4,'1703096583727');
INSERT INTO BossRatings VALUES(213,18,44,2,2,'1703096591656');
INSERT INTO BossRatings VALUES(214,18,45,6,5,'1703096604726');
INSERT INTO BossRatings VALUES(215,17,49,2,4,'1703096615369');
INSERT INTO BossRatings VALUES(216,17,50,2,1,'1703096623224');
INSERT INTO BossRatings VALUES(217,18,46,3,5,'1703096621263');
INSERT INTO BossRatings VALUES(218,17,51,1,2,'1703096630169');
INSERT INTO BossRatings VALUES(219,18,47,3,0,'1703096634005');
INSERT INTO BossRatings VALUES(220,18,48,0,5,'1703096645397');
INSERT INTO BossRatings VALUES(221,18,49,2,5,'1703096658906');
INSERT INTO BossRatings VALUES(222,18,50,0,0,'1703096676732');
INSERT INTO BossRatings VALUES(223,18,51,3,3,'1703096688445');
INSERT INTO BossRatings VALUES(224,18,52,8,5,'1703096704064');
INSERT INTO BossRatings VALUES(225,18,53,4,4,'1703096716838');
INSERT INTO BossRatings VALUES(226,17,52,5,5,'1703096724348');
INSERT INTO BossRatings VALUES(227,18,54,4,2,'1703096731053');
INSERT INTO BossRatings VALUES(228,18,55,1,1,'1703096741549');
INSERT INTO BossRatings VALUES(229,17,53,2,2,'1703096742144');
INSERT INTO BossRatings VALUES(230,17,54,1,2,'1703096750661');
INSERT INTO BossRatings VALUES(231,17,55,4,8,'1703096756739');
INSERT INTO BossRatings VALUES(232,18,57,3,1,'1703096777367');
INSERT INTO BossRatings VALUES(233,18,58,3,3,'1703096788313');
INSERT INTO BossRatings VALUES(234,17,56,1,0,'1703096796769');
INSERT INTO BossRatings VALUES(235,18,59,3,6,'1703096799287');
INSERT INTO BossRatings VALUES(236,17,57,0,1,'1703096806564');
INSERT INTO BossRatings VALUES(237,17,58,5,4,'1703096812947');
INSERT INTO BossRatings VALUES(238,18,62,2,1,'1703096817762');
INSERT INTO BossRatings VALUES(239,17,59,0,2,'1703096819930');
INSERT INTO BossRatings VALUES(240,18,63,6,3,'1703096828245');
INSERT INTO BossRatings VALUES(241,18,64,1,1,'1703096841541');
INSERT INTO BossRatings VALUES(242,18,65,0,0,'1703096914706');
INSERT INTO BossRatings VALUES(243,18,66,1,0,'1703096866919');
INSERT INTO BossRatings VALUES(244,18,68,2,0,'1703096881930');
INSERT INTO BossRatings VALUES(245,17,84,7,4,'1703096910683');
INSERT INTO BossRatings VALUES(246,17,85,6,1,'1703096917809');
INSERT INTO BossRatings VALUES(247,17,86,1,2,'1703096924309');
INSERT INTO BossRatings VALUES(248,18,81,7,8,'1703096930710');
INSERT INTO BossRatings VALUES(249,17,87,1,3,'1703096930836');
INSERT INTO BossRatings VALUES(250,17,88,7,7,'1703096941106');
INSERT INTO BossRatings VALUES(251,18,82,3,1,'1703096944987');
INSERT INTO BossRatings VALUES(252,17,89,1,3,'1703096983789');
INSERT INTO BossRatings VALUES(253,17,90,2,3,'1703096995474');
INSERT INTO BossRatings VALUES(254,17,91,3,1,'1703097004277');
INSERT INTO BossRatings VALUES(255,17,92,7,6,'1703097011435');
INSERT INTO BossRatings VALUES(256,17,93,4,6,'1703097021357');
INSERT INTO BossRatings VALUES(257,17,94,3,1,'1703097030236');
INSERT INTO BossRatings VALUES(258,17,95,7,5,'1703097036219');
INSERT INTO BossRatings VALUES(259,17,96,4,6,'1703097106124');
INSERT INTO BossRatings VALUES(260,17,97,8,6,'1703097112939');
INSERT INTO BossRatings VALUES(261,17,98,7,6,'1703097141826');
INSERT INTO BossRatings VALUES(262,17,99,1,2,'1703097272017');
INSERT INTO BossRatings VALUES(263,17,100,9,8,'1703097354004');
INSERT INTO BossRatings VALUES(264,17,101,8,7,'1703097361578');
INSERT INTO BossRatings VALUES(265,17,102,1,4,'1703097367630');
INSERT INTO BossRatings VALUES(266,17,103,9,9,'1703097373392');
INSERT INTO BossRatings VALUES(267,17,104,8,7,'1703097432000');
INSERT INTO BossRatings VALUES(268,17,105,1,4,'1703097501387');
INSERT INTO BossRatings VALUES(269,17,106,6,8,'1703097506568');
INSERT INTO BossRatings VALUES(270,17,107,8,7,'1703097514954');
INSERT INTO BossRatings VALUES(271,17,108,6,6,'1703097522430');
INSERT INTO BossRatings VALUES(272,17,109,8,8,'1703097529084');
INSERT INTO BossRatings VALUES(273,17,110,4,5,'1703097534686');
INSERT INTO BossRatings VALUES(274,17,111,2,3,'1703097594436');
INSERT INTO BossRatings VALUES(275,17,112,6,4,'1703097707834');
INSERT INTO BossRatings VALUES(276,17,113,4,5,'1703097714811');
INSERT INTO BossRatings VALUES(277,17,114,3,6,'1703097723249');
INSERT INTO BossRatings VALUES(278,17,115,5,7,'1703097729620');
INSERT INTO BossRatings VALUES(279,17,116,2,2,'1703097736356');
INSERT INTO BossRatings VALUES(280,17,117,5,3,'1703097784386');
INSERT INTO BossRatings VALUES(281,17,118,8,7,'1703097794757');
INSERT INTO BossRatings VALUES(282,17,119,1,0,'1703097801807');
INSERT INTO BossRatings VALUES(283,17,120,6,5,'1703097885382');
INSERT INTO BossRatings VALUES(284,17,121,6,6,'1703097892788');
INSERT INTO BossRatings VALUES(285,17,122,9,7,'1703097902705');
INSERT INTO BossRatings VALUES(286,17,123,6,4,'1703097948759');
INSERT INTO BossRatings VALUES(287,17,124,4,4,'1703098007264');
INSERT INTO BossRatings VALUES(288,17,125,8,8,'1703098016087');
INSERT INTO BossRatings VALUES(289,17,126,7,8,'1703098025093');
INSERT INTO BossRatings VALUES(290,17,127,1,2,'1703098034181');
INSERT INTO BossRatings VALUES(291,17,128,9,8,'1703098039679');
INSERT INTO BossRatings VALUES(292,17,129,9,9,'1703098047711');
INSERT INTO BossRatings VALUES(293,17,17,0,0,'1707506369056');
INSERT INTO BossRatings VALUES(294,17,18,1,0,'1707509060037');
INSERT INTO BossRatings VALUES(295,17,19,3,2,'1707510321332');
INSERT INTO BossRatings VALUES(296,17,20,1,4,'1707513045697');
INSERT INTO BossRatings VALUES(297,17,21,4,0,'1707514717514');
INSERT INTO BossRatings VALUES(298,17,22,4,5,'1707517677884');
INSERT INTO BossRatings VALUES(299,17,23,0,5,'1707519954172');
INSERT INTO BossRatings VALUES(300,17,24,7,3,'1707522252531');
INSERT INTO BossRatings VALUES(301,17,25,4,0,'1707584051515');
INSERT INTO BossRatings VALUES(302,17,26,7,1,'1707585518347');
INSERT INTO BossRatings VALUES(303,17,27,6,4,'1707583106085');
INSERT INTO BossRatings VALUES(304,17,28,0,6,'1707588435513');
INSERT INTO BossRatings VALUES(305,17,29,0,10,'1707587167735');
INSERT INTO BossRatings VALUES(306,17,30,7,3,'1707591384049');
INSERT INTO BossRatings VALUES(307,17,31,0,1,'1707512114300');
INSERT INTO BossRatings VALUES(308,17,32,2,0,'1707580937797');
INSERT INTO BossRatings VALUES(309,17,33,2,2,'1707580202790');
INSERT INTO BossRatings VALUES(310,17,34,5,0,'1707581666505');
INSERT INTO BossRatings VALUES(311,17,35,1,0,'1707585738385');
INSERT INTO BossRatings VALUES(312,17,36,0,2,'1707586211587');
INSERT INTO BossRatings VALUES(313,17,37,0,0,'1707586036717');
INSERT INTO BossRatings VALUES(314,17,38,6,1,'1707589271540');
INSERT INTO BossRatings VALUES(315,17,39,1,1,'1707589021928');
INSERT INTO BossRatings VALUES(316,17,40,8,6,'1707589922959');
INSERT INTO BossRatings VALUES(317,17,41,6,6,'1707591107206');
INSERT INTO BossRatings VALUES(318,17,62,1,1,'1703098571171');
INSERT INTO BossRatings VALUES(319,17,63,5,3,'1703098577255');
INSERT INTO BossRatings VALUES(320,17,64,1,3,'1703098583436');
INSERT INTO BossRatings VALUES(321,17,65,7,6,'1703098608006');
INSERT INTO BossRatings VALUES(322,17,66,2,2,'1703098613743');
INSERT INTO BossRatings VALUES(323,17,67,6,8,'1703098621015');
INSERT INTO BossRatings VALUES(324,17,68,3,0,'1703098628438');
INSERT INTO BossRatings VALUES(325,17,69,8,8,'1703098634649');
INSERT INTO BossRatings VALUES(326,17,70,6,8,'1703098640731');
INSERT INTO BossRatings VALUES(327,17,71,3,9,'1703098647681');
INSERT INTO BossRatings VALUES(328,17,74,9,6,'1703098684215');
INSERT INTO BossRatings VALUES(329,17,75,4,5,'1703098692467');
INSERT INTO BossRatings VALUES(330,17,76,4,7,'1703098698723');
INSERT INTO BossRatings VALUES(331,17,77,7,7,'1703098716619');
INSERT INTO BossRatings VALUES(332,17,78,0,2,'1703098724824');
INSERT INTO BossRatings VALUES(333,17,79,9,8,'1703098733953');
INSERT INTO BossRatings VALUES(334,17,80,0,0,'1703098738251');
INSERT INTO BossRatings VALUES(335,17,81,1,3,'1703098752721');
INSERT INTO BossRatings VALUES(336,17,82,2,2,'1703098767446');
INSERT INTO BossRatings VALUES(337,17,83,0,1,'1703098827123');
INSERT INTO BossRatings VALUES(338,15,42,2,3,'1703200987105');
INSERT INTO BossRatings VALUES(339,15,43,7,5,'1703247295736');
INSERT INTO BossRatings VALUES(340,19,147,8,5,'1703247510409');
INSERT INTO BossRatings VALUES(341,13,42,2,1,'1703359389769');
INSERT INTO BossRatings VALUES(342,13,43,6,5,'1703359400474');
INSERT INTO BossRatings VALUES(343,13,44,2,3,'1703359411906');
INSERT INTO BossRatings VALUES(344,13,45,2,5,'1703359424932');
INSERT INTO BossRatings VALUES(345,13,46,2,3,'1703359460190');
INSERT INTO BossRatings VALUES(346,13,47,5,2,'1703359480013');
INSERT INTO BossRatings VALUES(347,13,48,0,1,'1703359488097');
INSERT INTO BossRatings VALUES(348,13,49,5,1,'1703359503045');
INSERT INTO BossRatings VALUES(349,13,50,1,1,'1703359508840');
INSERT INTO BossRatings VALUES(350,13,51,3,4,'1703359520524');
INSERT INTO BossRatings VALUES(351,13,52,6,5,'1703359529451');
INSERT INTO BossRatings VALUES(352,13,53,3,1,'1703359536401');
INSERT INTO BossRatings VALUES(353,13,54,2,2,'1703359541185');
INSERT INTO BossRatings VALUES(354,13,55,1,3,'1703359554274');
INSERT INTO BossRatings VALUES(355,13,56,1,1,'1703359565020');
INSERT INTO BossRatings VALUES(356,13,57,5,4,'1703359571391');
INSERT INTO BossRatings VALUES(357,13,58,3,2,'1703359576115');
INSERT INTO BossRatings VALUES(358,13,59,5,3,'1703359583328');
INSERT INTO BossRatings VALUES(359,13,61,2,1,'1703359615456');
INSERT INTO BossRatings VALUES(360,13,62,1,1,'1703359645527');
INSERT INTO BossRatings VALUES(361,13,63,6,3,'1703359650322');
INSERT INTO BossRatings VALUES(362,13,64,3,2,'1703359658568');
INSERT INTO BossRatings VALUES(363,13,65,7,7,'1703359663086');
INSERT INTO BossRatings VALUES(364,13,66,2,2,'1703359669930');
INSERT INTO BossRatings VALUES(365,13,68,1,1,'1703359676148');
INSERT INTO BossRatings VALUES(366,13,69,6,5,'1703359680939');
INSERT INTO BossRatings VALUES(367,13,70,8,7,'1703359686079');
INSERT INTO BossRatings VALUES(368,13,71,9,3,'1703359703545');
INSERT INTO BossRatings VALUES(369,13,73,9,9,'1703359722528');
INSERT INTO BossRatings VALUES(370,13,74,7,8,'1703359729258');
INSERT INTO BossRatings VALUES(371,13,75,6,6,'1703359734063');
INSERT INTO BossRatings VALUES(372,13,76,2,2,'1703359738680');
INSERT INTO BossRatings VALUES(373,13,77,6,4,'1703359744397');
INSERT INTO BossRatings VALUES(374,13,78,1,1,'1703359748786');
INSERT INTO BossRatings VALUES(375,13,79,5,5,'1703359753245');
INSERT INTO BossRatings VALUES(376,13,80,1,2,'1703359758134');
INSERT INTO BossRatings VALUES(377,13,81,2,1,'1703359772482');
INSERT INTO BossRatings VALUES(378,13,82,2,1,'1703359787612');
INSERT INTO BossRatings VALUES(379,13,83,5,2,'1703359794657');
INSERT INTO BossRatings VALUES(380,20,130,7,6,'1704576601785');
INSERT INTO BossRatings VALUES(381,16,42,1,2,'1706816019622');
INSERT INTO BossRatings VALUES(382,16,43,5,5,'1706818540403');
INSERT INTO BossRatings VALUES(383,16,44,3,1,'1706819605999');
INSERT INTO BossRatings VALUES(384,16,47,6,4,'1706828550863');
INSERT INTO BossRatings VALUES(385,16,54,2,3,'1706831962446');
INSERT INTO BossRatings VALUES(386,16,45,5,4,'1706901766126');
INSERT INTO BossRatings VALUES(387,16,46,6,3,'1706910452732');
INSERT INTO BossRatings VALUES(388,16,49,1,2,'1706913566255');
INSERT INTO BossRatings VALUES(389,16,55,6,5,'1706991156928');
INSERT INTO BossRatings VALUES(390,16,48,2,3,'1706992144069');
INSERT INTO BossRatings VALUES(391,16,50,0,0,'1706992537939');
INSERT INTO BossRatings VALUES(392,16,51,0,1,'1706993647432');
INSERT INTO BossRatings VALUES(393,16,52,7,6,'1707005850066');
INSERT INTO BossRatings VALUES(394,16,53,0,0,'1707008443792');
INSERT INTO BossRatings VALUES(395,16,56,0,0,'1707011068303');
INSERT INTO BossRatings VALUES(396,16,57,1,2,'1707011318506');
INSERT INTO BossRatings VALUES(397,16,58,3,2,'1707012867609');
INSERT INTO BossRatings VALUES(398,16,61,2,3,'1707054955832');
INSERT INTO BossRatings VALUES(399,16,59,2,4,'1707089363903');
INSERT INTO BossRatings VALUES(400,16,62,5,3,'1707089372064');
INSERT INTO BossRatings VALUES(401,16,63,6,3,'1707089379829');
INSERT INTO BossRatings VALUES(402,16,64,3,4,'1707091093388');
INSERT INTO BossRatings VALUES(403,16,65,5,4,'1707092858284');
INSERT INTO BossRatings VALUES(404,16,66,0,0,'1707095217457');
INSERT INTO BossRatings VALUES(405,16,67,0,6,'1707096463789');
INSERT INTO BossRatings VALUES(406,16,81,5,4,'1707158451003');
INSERT INTO BossRatings VALUES(407,16,68,1,2,'1707159030095');
INSERT INTO BossRatings VALUES(408,16,69,4,5,'1707165420810');
INSERT INTO BossRatings VALUES(409,16,70,7,4,'1707165804543');
INSERT INTO BossRatings VALUES(410,16,71,1,6,'1707170022581');
INSERT INTO BossRatings VALUES(411,16,73,8,9,'1719108773244');
INSERT INTO BossRatings VALUES(412,16,74,7,6,'1707263967991');
INSERT INTO BossRatings VALUES(413,20,131,8,4,'1707266227761');
INSERT INTO BossRatings VALUES(414,20,132,10,9,'1707272790035');
INSERT INTO BossRatings VALUES(415,20,133,5,3,'1707282643388');
INSERT INTO BossRatings VALUES(416,16,75,6,6,'1707330862013');
INSERT INTO BossRatings VALUES(417,16,76,5,4,'1707332598748');
INSERT INTO BossRatings VALUES(418,16,77,6,2,'1707335943826');
INSERT INTO BossRatings VALUES(419,16,78,0,6,'1707417334643');
INSERT INTO BossRatings VALUES(420,16,79,7,5,'1707420246678');
INSERT INTO BossRatings VALUES(421,16,80,1,1,'1707421573490');
INSERT INTO BossRatings VALUES(422,16,82,2,2,'1707422388800');
INSERT INTO BossRatings VALUES(423,16,83,1,1,'1707422393963');
INSERT INTO BossRatings VALUES(424,20,134,1,10,'1707424878927');
INSERT INTO BossRatings VALUES(425,20,135,4,8,'1707435454281');
INSERT INTO BossRatings VALUES(426,16,178,6,4,'1707521879133');
INSERT INTO BossRatings VALUES(427,16,179,8,7,'1707661152307');
INSERT INTO BossRatings VALUES(428,16,180,5,4,'1707661138138');
INSERT INTO BossRatings VALUES(429,16,181,7,5,'1707665931937');
INSERT INTO BossRatings VALUES(430,16,182,5,5,'1707694694298');
INSERT INTO BossRatings VALUES(431,20,136,8,7,'1707759378373');
INSERT INTO BossRatings VALUES(432,16,184,9,7,'1719108608292');
INSERT INTO BossRatings VALUES(433,20,138,7,10,'1707782649087');
INSERT INTO BossRatings VALUES(434,20,139,7,6,'1707784284634');
INSERT INTO BossRatings VALUES(435,20,140,8,3,'1707787714653');
INSERT INTO BossRatings VALUES(436,16,185,8,7,'1707861591908');
INSERT INTO BossRatings VALUES(437,16,187,7,6,'1707943345488');
INSERT INTO BossRatings VALUES(438,16,188,8,7,'1708033155781');
INSERT INTO BossRatings VALUES(439,16,189,7,7,'1708036310930');
INSERT INTO BossRatings VALUES(440,22,84,6,2,'1708379033339');
INSERT INTO BossRatings VALUES(441,22,85,7,4,'1708125241076');
INSERT INTO BossRatings VALUES(442,16,190,10,9,'1710370253156');
INSERT INTO BossRatings VALUES(443,15,44,3,2,'1708120012643');
INSERT INTO BossRatings VALUES(444,15,45,2,7,'1708120037954');
INSERT INTO BossRatings VALUES(445,15,46,7,5,'1708120119444');
INSERT INTO BossRatings VALUES(446,15,47,1,1,'1708120265352');
INSERT INTO BossRatings VALUES(447,15,48,4,6,'1708120282650');
INSERT INTO BossRatings VALUES(448,15,49,1,1,'1708120315809');
INSERT INTO BossRatings VALUES(449,15,50,3,1,'1708120332358');
INSERT INTO BossRatings VALUES(450,15,51,1,3,'1708120368887');
INSERT INTO BossRatings VALUES(451,15,52,7,7,'1708120381226');
INSERT INTO BossRatings VALUES(452,15,53,2,1,'1708120428415');
INSERT INTO BossRatings VALUES(453,15,54,5,2,'1708120448643');
INSERT INTO BossRatings VALUES(454,15,55,1,1,'1708120503555');
INSERT INTO BossRatings VALUES(455,15,56,1,1,'1708120514203');
INSERT INTO BossRatings VALUES(456,15,57,4,3,'1708120541867');
INSERT INTO BossRatings VALUES(457,15,58,3,6,'1708120644308');
INSERT INTO BossRatings VALUES(458,15,59,0,6,'1708120670793');
INSERT INTO BossRatings VALUES(459,15,61,2,2,'1708120724271');
INSERT INTO BossRatings VALUES(460,15,62,1,1,'1708120732927');
INSERT INTO BossRatings VALUES(461,15,63,6,4,'1708120744498');
INSERT INTO BossRatings VALUES(462,15,64,7,5,'1708120761989');
INSERT INTO BossRatings VALUES(463,15,65,4,4,'1708120881862');
INSERT INTO BossRatings VALUES(464,15,66,1,0,'1708120887743');
INSERT INTO BossRatings VALUES(465,15,67,0,7,'1708120941023');
INSERT INTO BossRatings VALUES(466,15,68,5,3,'1708121051358');
INSERT INTO BossRatings VALUES(467,15,69,5,3,'1708121061877');
INSERT INTO BossRatings VALUES(468,15,70,9,7,'1708121095167');
INSERT INTO BossRatings VALUES(469,15,71,0,6,'1708121104907');
INSERT INTO BossRatings VALUES(470,15,73,8,9,'1708121131449');
INSERT INTO BossRatings VALUES(471,15,74,5,7,'1708121236536');
INSERT INTO BossRatings VALUES(472,15,75,6,7,'1708121381515');
INSERT INTO BossRatings VALUES(473,15,76,4,6,'1708121512176');
INSERT INTO BossRatings VALUES(474,15,77,6,8,'1708121530491');
INSERT INTO BossRatings VALUES(475,15,78,0,4,'1708121555184');
INSERT INTO BossRatings VALUES(476,15,79,7,7,'1708121651765');
INSERT INTO BossRatings VALUES(477,15,80,0,3,'1708121780999');
INSERT INTO BossRatings VALUES(478,15,81,2,3,'1708122031293');
INSERT INTO BossRatings VALUES(479,15,82,2,3,'1708122043379');
INSERT INTO BossRatings VALUES(480,15,83,4,2,'1708122052052');
INSERT INTO BossRatings VALUES(481,15,84,7,4,'1708122250706');
INSERT INTO BossRatings VALUES(482,15,85,5,3,'1708122379678');
INSERT INTO BossRatings VALUES(483,15,86,1,1,'1708122413456');
INSERT INTO BossRatings VALUES(484,15,87,3,3,'1708122539256');
INSERT INTO BossRatings VALUES(485,15,88,8,7,'1708122550998');
INSERT INTO BossRatings VALUES(486,15,89,1,2,'1708122685752');
INSERT INTO BossRatings VALUES(487,15,90,1,1,'1708122694893');
INSERT INTO BossRatings VALUES(488,15,91,4,3,'1708122804660');
INSERT INTO BossRatings VALUES(489,15,92,8,8,'1708122816018');
INSERT INTO BossRatings VALUES(490,15,93,3,7,'1708123503353');
INSERT INTO BossRatings VALUES(491,15,94,4,3,'1708123558127');
INSERT INTO BossRatings VALUES(492,15,95,7,6,'1708123573293');
INSERT INTO BossRatings VALUES(493,15,96,4,6,'1708123586783');
INSERT INTO BossRatings VALUES(494,15,97,8,6,'1708123624475');
INSERT INTO BossRatings VALUES(495,15,98,7,6,'1708123634346');
INSERT INTO BossRatings VALUES(496,15,99,1,2,'1708123642538');
INSERT INTO BossRatings VALUES(497,15,100,9,9,'1708123654556');
INSERT INTO BossRatings VALUES(498,15,101,6,7,'1708123667914');
INSERT INTO BossRatings VALUES(499,15,102,1,1,'1708123678585');
INSERT INTO BossRatings VALUES(500,15,103,10,9,'1708123683725');
INSERT INTO BossRatings VALUES(501,15,104,8,8,'1708123696487');
INSERT INTO BossRatings VALUES(502,15,105,0,0,'1708123705453');
INSERT INTO BossRatings VALUES(503,15,106,7,9,'1708123727137');
INSERT INTO BossRatings VALUES(504,15,107,10,8,'1708123739487');
INSERT INTO BossRatings VALUES(505,22,86,1,3,'1708125176722');
INSERT INTO BossRatings VALUES(506,22,87,3,2,'1708125185893');
INSERT INTO BossRatings VALUES(507,16,191,8,8,'1708192938831');
INSERT INTO BossRatings VALUES(508,16,192,9,8,'1708194999684');
INSERT INTO BossRatings VALUES(509,22,89,3,1,'1708378206920');
INSERT INTO BossRatings VALUES(510,22,88,8,8,'1708444403172');
INSERT INTO BossRatings VALUES(511,22,91,2,2,'1708444481836');
INSERT INTO BossRatings VALUES(512,22,90,5,2,'1708444448884');
INSERT INTO BossRatings VALUES(513,20,142,0,10,'1708711557538');
INSERT INTO BossRatings VALUES(514,23,151,6,4,'1708797363968');
INSERT INTO BossRatings VALUES(515,23,147,7,6,'1710279568993');
INSERT INTO BossRatings VALUES(516,23,148,8,5,'1709322366020');
INSERT INTO BossRatings VALUES(517,23,158,2,5,'1709985233797');
INSERT INTO BossRatings VALUES(518,23,149,3,3,'1710279582995');
INSERT INTO BossRatings VALUES(519,23,150,2,3,'1710359194896');
INSERT INTO BossRatings VALUES(520,24,147,8,2,'1710937423802');
INSERT INTO BossRatings VALUES(521,24,148,6,2,'1710946342153');
INSERT INTO BossRatings VALUES(522,24,151,5,2,'1710935297026');
INSERT INTO BossRatings VALUES(523,24,154,3,4,'1710526337078');
INSERT INTO BossRatings VALUES(524,23,156,5,3,'1710538090612');
INSERT INTO BossRatings VALUES(525,23,152,4,2,'1710597857353');
INSERT INTO BossRatings VALUES(526,23,154,5,1,'1710874944811');
INSERT INTO BossRatings VALUES(527,23,153,9,7,'1711208292046');
INSERT INTO BossRatings VALUES(528,23,155,5,0,'1711210394691');
INSERT INTO BossRatings VALUES(529,23,163,5,7,'1711398090587');
INSERT INTO BossRatings VALUES(530,23,159,3,7,'1711398887673');
INSERT INTO BossRatings VALUES(531,23,164,5,3,'1711562129975');
INSERT INTO BossRatings VALUES(532,23,160,7,3,'1711567622050');
INSERT INTO BossRatings VALUES(533,23,165,8,6,'1711572043893');
INSERT INTO BossRatings VALUES(534,23,162,8,4,'1711576364053');
INSERT INTO BossRatings VALUES(535,23,166,5,6,'1711579043317');
INSERT INTO BossRatings VALUES(536,23,167,5,7,'1711730182543');
INSERT INTO BossRatings VALUES(537,23,168,6,6,'1711740918211');
INSERT INTO BossRatings VALUES(538,23,169,6,4,'1712082700767');
INSERT INTO BossRatings VALUES(539,23,171,3,7,'1713640393207');
INSERT INTO BossRatings VALUES(540,23,175,6,8,'1714330611318');
INSERT INTO BossRatings VALUES(541,23,172,7,6,'1714332624631');
INSERT INTO BossRatings VALUES(542,23,173,7,4,'1714334162163');
INSERT INTO BossRatings VALUES(543,23,176,9,6,'1714593813982');
INSERT INTO BossRatings VALUES(544,13,147,8,8,'1718134576140');
INSERT INTO BossRatings VALUES(545,13,148,0,0,'1718827969744');
INSERT INTO BossRatings VALUES(546,13,149,2,2,'1718044441592');
INSERT INTO BossRatings VALUES(547,13,150,5,4,'1718044464633');
INSERT INTO BossRatings VALUES(548,13,151,0,0,'1718474995932');
INSERT INTO BossRatings VALUES(549,13,152,0,0,'1718562920760');
INSERT INTO BossRatings VALUES(550,13,153,7,8,'1718044525547');
INSERT INTO BossRatings VALUES(551,13,154,3,3,'1718044567488');
INSERT INTO BossRatings VALUES(552,13,155,5,1,'1718044582701');
INSERT INTO BossRatings VALUES(553,13,156,5,1,'1718044593836');
INSERT INTO BossRatings VALUES(554,13,157,4,2,'1718044664689');
INSERT INTO BossRatings VALUES(555,15,193,9,8,'1718927164039');
INSERT INTO BossRatings VALUES(556,16,193,8,7,'1719328825413');
INSERT INTO BossRatings VALUES(557,16,194,9,8,'1719172386038');
INSERT INTO BossRatings VALUES(558,24,193,7,4,'1718989965199');
INSERT INTO BossRatings VALUES(559,15,194,8,8,'1718996972300');
INSERT INTO BossRatings VALUES(560,13,158,6,3,'1719000291428');
INSERT INTO BossRatings VALUES(561,13,159,3,6,'1719000307388');
INSERT INTO BossRatings VALUES(562,13,160,8,4,'1719000329593');
INSERT INTO BossRatings VALUES(563,13,161,6,5,'1719000348653');
INSERT INTO BossRatings VALUES(564,13,162,7,7,'1719000366065');
INSERT INTO BossRatings VALUES(565,13,163,8,7,'1719000405236');
INSERT INTO BossRatings VALUES(566,13,164,3,2,'1719000430272');
INSERT INTO BossRatings VALUES(567,13,165,6,1,'1719000454683');
INSERT INTO BossRatings VALUES(568,13,166,6,3,'1719000482202');
INSERT INTO BossRatings VALUES(569,13,167,7,6,'1719000507994');
INSERT INTO BossRatings VALUES(570,13,168,6,5,'1719000520212');
INSERT INTO BossRatings VALUES(571,13,169,6,3,'1719000530369');
INSERT INTO BossRatings VALUES(572,13,170,8,10,'1719000583841');
INSERT INTO BossRatings VALUES(573,13,171,6,6,'1719000612157');
INSERT INTO BossRatings VALUES(574,13,172,8,4,'1719000626443');
INSERT INTO BossRatings VALUES(575,13,174,7,4,'1719000677170');
INSERT INTO BossRatings VALUES(576,13,173,8,6,'1719000697112');
INSERT INTO BossRatings VALUES(577,13,176,9,8,'1719000781376');
INSERT INTO BossRatings VALUES(578,13,177,5,7,'1719000795993');
INSERT INTO BossRatings VALUES(579,13,193,7,4,'1719000809648');
INSERT INTO BossRatings VALUES(580,13,194,8,9,'1719054809121');
INSERT INTO BossRatings VALUES(581,24,194,9,8,'1719055689491');
INSERT INTO BossRatings VALUES(582,16,197,7,8,'1719673956046');
INSERT INTO BossRatings VALUES(583,16,201,10,8,'1719424224756');
INSERT INTO BossRatings VALUES(584,24,198,6,4,'1719083441746');
INSERT INTO BossRatings VALUES(585,24,201,9,6,'1719087078506');
INSERT INTO BossRatings VALUES(586,15,197,9,9,'1719094238095');
INSERT INTO BossRatings VALUES(587,24,195,6,8,'1719090840188');
INSERT INTO BossRatings VALUES(588,16,195,7,7,'1719096606925');
INSERT INTO BossRatings VALUES(589,24,197,3,7,'1719098818571');
INSERT INTO BossRatings VALUES(590,16,200,8,7,'1719101767163');
INSERT INTO BossRatings VALUES(591,16,196,5,9,'1719673963764');
INSERT INTO BossRatings VALUES(592,24,196,0,9,'1719147132935');
INSERT INTO BossRatings VALUES(593,24,200,4,2,'1719149273509');
INSERT INTO BossRatings VALUES(594,13,195,7,6,'1719153195268');
INSERT INTO BossRatings VALUES(595,24,199,9,6,'1719156825608');
INSERT INTO BossRatings VALUES(596,16,199,9,6,'1719179404958');
INSERT INTO BossRatings VALUES(597,16,198,7,6,'1719673940013');
INSERT INTO BossRatings VALUES(598,17,193,7,3,'1719259793390');
INSERT INTO BossRatings VALUES(599,17,194,7,8,'1719259819653');
INSERT INTO BossRatings VALUES(600,17,195,7,7,'1719259835889');
INSERT INTO BossRatings VALUES(601,17,196,5,5,'1719259860730');
INSERT INTO BossRatings VALUES(602,17,197,5,2,'1719259888483');
INSERT INTO BossRatings VALUES(603,17,198,8,5,'1719259907942');
INSERT INTO BossRatings VALUES(604,17,199,5,5,'1719259926846');
INSERT INTO BossRatings VALUES(605,17,200,2,3,'1719259971426');
INSERT INTO BossRatings VALUES(606,17,201,8,7,'1719260016647');
INSERT INTO BossRatings VALUES(607,24,202,7,10,'1719261238678');
INSERT INTO BossRatings VALUES(608,16,202,9,10,'1719276168607');
INSERT INTO BossRatings VALUES(609,13,197,4,6,'1719324905765');
INSERT INTO BossRatings VALUES(610,13,201,10,8,'1719328604527');
INSERT INTO BossRatings VALUES(611,13,175,10,9,'1719324941052');
INSERT INTO BossRatings VALUES(612,17,204,7,8,'1719341072001');
INSERT INTO BossRatings VALUES(613,16,204,9,9,'1719359750712');
INSERT INTO BossRatings VALUES(614,17,202,7,10,'1719397345930');
INSERT INTO BossRatings VALUES(615,13,196,5,6,'1719401556183');
INSERT INTO BossRatings VALUES(616,13,200,6,3,'1719424182090');
INSERT INTO BossRatings VALUES(617,13,199,8,6,'1719424172926');
INSERT INTO BossRatings VALUES(618,13,198,4,2,'1719424138112');
INSERT INTO BossRatings VALUES(619,13,204,9,7,'1719424274433');
INSERT INTO BossRatings VALUES(620,24,204,7,10,'1719416771820');
INSERT INTO BossRatings VALUES(621,13,202,7,9,'1719712070950');
INSERT INTO BossRatings VALUES(622,15,195,6,7,'1719857261597');
INSERT INTO BossRatings VALUES(623,15,201,9,8,'1719917632423');
INSERT INTO BossRatings VALUES(624,15,199,8,4,'1719940495048');
INSERT INTO BossRatings VALUES(625,15,196,0,7,'1719940848267');
INSERT INTO BossRatings VALUES(626,15,200,5,5,'1719955510316');
INSERT INTO BossRatings VALUES(627,15,198,7,2,'1719955727254');
INSERT INTO BossRatings VALUES(628,15,204,9,8,'1720002293587');
DELETE FROM sqlite_sequence;
INSERT INTO sqlite_sequence VALUES('User',24);
INSERT INTO sqlite_sequence VALUES('Games',8);
INSERT INTO sqlite_sequence VALUES('DLC',16);
INSERT INTO sqlite_sequence VALUES('Bosses',204);
INSERT INTO sqlite_sequence VALUES('Runs',48);
INSERT INTO sqlite_sequence VALUES('BossDeathsInRun',404);
INSERT INTO sqlite_sequence VALUES('BossesCopy',177);
INSERT INTO sqlite_sequence VALUES('BossRatings',628);
COMMIT;
